Match ID,Match Stage,Team 1,Team 2,Toss Winner,Toss Decision,Match Venue,Win % at Venue of home team,Day/Night Match,Weather Condition,Pitch Condition,Team 1 Recent Form,Team 2 Recent Form,Team 1 NRR,Team 2 NRR,Team 1 Win Streak,Team 2 Win Streak,Team 1 Avg Score,Team 1 Avg Wickets taken,Team 2 Avg Score,Team 2 Avg Wickets taken,Winner
1,League,CSK,MI,MI,Bat,M.A Chidambaram Stadium,58.93,Day,Humid,Dry,WLLWL,WWLLL,-1.37,2.28,-1,-3,154,7,182,2,MI
2,League,MI,CSK,CSK,Bowl,Wankhede Stadium,55.64,Day,Clear,Dry,LWLWL,WWLLW,-0.51,-0.01,-1,1,153,9,171,5,MI
3,League,CSK,MI,MI,Bat,M.A Chidambaram Stadium,51.19,Night,Humid,Green,LLWLL,WWLLL,0.39,0.78,-2,-3,146,9,160,5,MI
4,League,CSK,MI,CSK,Bat,M.A Chidambaram Stadium,53.06,Day,Clear,Green,LLLWL,WLLLW,2.37,-0.79,-1,1,148,7,143,7,MI
5,League,CSK,MI,CSK,Bowl,M.A Chidambaram Stadium,59.68,Day,Overcast,Dry,WWWLL,WWWLW,0.72,-0.31,-2,1,155,6,180,4,CSK
6,League,MI,CSK,CSK,Bowl,Wankhede Stadium,50.74,Night,Overcast,Green,WWLWL,LLLWW,0.14,-0.59,-1,2,156,5,143,8,MI
7,League,CSK,MI,CSK,Bat,M.A Chidambaram Stadium,66.69,Night,Clear,Dry,WLLWW,WWWWL,0.89,0.25,2,-1,144,5,125,6,MI
8,League,MI,CSK,CSK,Bat,Wankhede Stadium,64.73,Day,Humid,Green,WLWWW,WLLLW,-1.23,0.38,3,1,166,8,177,2,MI
9,Playoff,CSK,MI,MI,Bat,M.A Chidambaram Stadium,60.09,Night,Clear,Green,WLLWW,LWLLL,-0.64,1.54,2,-3,219,7,233,6,MI
10,League,CSK,MI,CSK,Bat,M.A Chidambaram Stadium,57.31,Night,Humid,Green,LWWLW,WLLWL,0.63,-0.38,1,-1,153,3,126,8,CSK
11,League,CSK,MI,MI,Bat,M.A Chidambaram Stadium,66.36,Day,Clear,Green,LWLLL,WLWWW,-1.48,-0.21,-3,3,140,9,154,3,CSK
12,League,MI,CSK,MI,Bat,Wankhede Stadium,51.31,Day,Clear,Dry,WWWLW,WWLLL,0.95,0.6,1,-3,179,7,189,4,MI
13,Finals,MI,CSK,CSK,Bat,Wankhede Stadium,53.37,Night,Humid,Dry,WWLLL,WLWLW,0.02,-1.46,-3,1,171,2,150,6,MI
14,Playoff,CSK,MI,CSK,Bat,M.A Chidambaram Stadium,66.99,Night,Clear,Green,WLWWW,LLLWW,1.67,0.52,3,2,159,6,153,8,CSK
15,Playoff,CSK,MI,CSK,Bat,M.A Chidambaram Stadium,66.77,Day,Humid,Green,LLLWW,LLWLL,-1.03,0.66,2,-2,161,8,167,6,CSK
16,League,CSK,MI,CSK,Bat,M.A Chidambaram Stadium,66.5,Day,Overcast,Green,WLWLW,WWLWL,0.43,2.18,1,-1,144,5,150,6,CSK
17,Playoff,MI,CSK,CSK,Bat,Wankhede Stadium,63.17,Day,Humid,Green,WWLWW,WWWWL,-1.11,2.06,2,-1,183,5,191,5,MI
18,League,MI,CSK,MI,Bat,Wankhede Stadium,62.49,Day,Clear,Green,LWLWW,WLWLL,2.03,0.07,2,-2,192,7,186,9,MI
19,League,CSK,MI,MI,Bowl,M.A Chidambaram Stadium,58.65,Night,Clear,Dry,LWLWW,LLWWL,2.12,-1.37,2,-1,172,5,153,8,CSK
20,League,CSK,MI,MI,Bowl,M.A Chidambaram Stadium,68.11,Night,Overcast,Dry,LLWLL,LWLLW,0.18,-0.28,-2,1,165,7,149,7,MI
21,League,CSK,MI,MI,Bowl,M.A Chidambaram Stadium,53.54,Night,Clear,Green,LWLLW,WLWWW,-0.07,-1.12,1,3,153,7,144,7,CSK
22,League,MI,CSK,CSK,Bat,Wankhede Stadium,57.47,Night,Clear,Green,LLLWW,WLWWL,1.32,0.1,2,-1,198,7,173,9,CSK
23,League,MI,CSK,MI,Bowl,Wankhede Stadium,67.57,Day,Overcast,Green,WWLLL,LLLWL,-0.54,0.07,-3,-1,209,6,216,6,CSK
24,League,MI,CSK,CSK,Bat,Wankhede Stadium,59.78,Night,Humid,Green,WWLLL,LLWWW,-0.92,2.18,-3,3,206,5,233,5,CSK
25,Finals,CSK,MI,CSK,Bowl,M.A Chidambaram Stadium,50.67,Night,Overcast,Green,LWLWW,WLWLL,0.38,-0.98,2,-2,153,6,130,9,CSK
26,Playoff,CSK,MI,CSK,Bat,M.A Chidambaram Stadium,54.66,Day,Humid,Green,LWWLW,LLWWL,-0.42,-0.28,1,-1,179,3,164,6,CSK
27,Playoff,MI,CSK,MI,Bowl,Wankhede Stadium,67.2,Night,Overcast,Green,LLLWL,LLLLW,2.04,-0.65,-1,1,173,2,147,9,CSK
28,League,CSK,MI,CSK,Bowl,M.A Chidambaram Stadium,52.85,Day,Clear,Green,WWLLL,LLWWL,-0.22,0.51,-3,-1,207,4,184,7,CSK
29,League,MI,CSK,CSK,Bowl,Wankhede Stadium,68.98,Day,Humid,Green,LLWLW,LWWLW,-1.08,1.12,1,1,175,9,194,6,MI
30,League,CSK,MI,MI,Bat,M.A Chidambaram Stadium,58.67,Night,Clear,Green,WLWLL,WWLLW,0.4,0.64,-2,1,189,7,217,7,MI
31,League,CSK,MI,MI,Bat,M.A Chidambaram Stadium,58.29,Night,Humid,Green,LWWLW,LWWWL,0.13,-0.2,1,-1,162,5,157,5,CSK
32,League,CSK,MI,CSK,Bat,M.A Chidambaram Stadium,52.22,Night,Clear,Green,WWWWL,WLWWW,-1.27,-0.08,-1,3,155,7,166,6,CSK
33,League,MI,CSK,MI,Bat,Wankhede Stadium,62.28,Day,Clear,Dry,WLWWW,WLWWW,2.42,-0.03,3,3,215,3,200,9,MI
34,League,CSK,MI,CSK,Bowl,M.A Chidambaram Stadium,55.97,Day,Clear,Dry,WWLWW,LWWLW,0.11,-0.44,2,1,199,7,221,2,MI
35,Playoff,CSK,MI,MI,Bat,M.A Chidambaram Stadium,65.39,Day,Humid,Green,LLLLL,WWWWW,-1.26,1.25,-5,5,193,7,211,4,CSK
36,League,MI,CSK,CSK,Bowl,Wankhede Stadium,55.91,Day,Humid,Green,LWWWW,WLWLL,2.18,-1.26,4,-2,165,3,143,7,CSK
37,League,CSK,MI,MI,Bat,M.A Chidambaram Stadium,55.2,Day,Clear,Green,LWWLW,LWWWW,-1.41,2.2,1,4,210,7,230,3,CSK
38,League,CSK,MI,MI,Bat,M.A Chidambaram Stadium,68.68,Day,Clear,Green,LWWLL,LLWLL,-1.36,1.1,-2,-2,218,5,224,7,CSK
39,Finals,MI,CSK,MI,Bat,Wankhede Stadium,52.39,Day,Humid,Dry,WWLLL,WLWWL,0.62,1.1,-3,-1,208,5,234,7,MI
40,League,CSK,MI,CSK,Bat,M.A Chidambaram Stadium,56.22,Day,Overcast,Dry,WWWLW,WWWLW,-0.69,0.33,1,1,150,8,165,5,CSK
41,Playoff,MI,CSK,MI,Bat,Wankhede Stadium,68.12,Day,Humid,Dry,LWWWW,WWWWW,0.49,1.06,4,5,218,8,237,6,CSK
42,League,MI,CSK,MI,Bat,Wankhede Stadium,64.6,Night,Humid,Green,LWWWW,LLLLW,0.51,2.15,4,1,176,9,195,5,MI
43,League,MI,CSK,CSK,Bat,Wankhede Stadium,62.5,Day,Rainy,Dry,WLWWW,WWWWL,2.14,1.63,3,-1,140,6,174,9,CSK
44,Playoff,MI,CSK,MI,Bowl,Wankhede Stadium,58.6,Day,Clear,Green,LWLWL,LLLWL,1,0.83,-1,-1,218,7,190,6,MI
45,League,MI,CSK,MI,Bowl,Wankhede Stadium,63.83,Day,Clear,Green,LLLWL,WLWLW,0.34,0.34,-1,1,194,6,223,6,MI
46,Playoff,CSK,MI,MI,Bat,M.A Chidambaram Stadium,61.74,Night,Clear,Dry,LWLLW,LWLWL,1.31,0.35,1,-1,142,6,125,6,MI
47,League,MI,CSK,CSK,Bat,Wankhede Stadium,67.41,Night,Humid,Green,LLLLL,WLLLL,-0.16,1.09,-5,-4,188,5,201,6,CSK
48,League,MI,CSK,MI,Bowl,Wankhede Stadium,62.86,Night,Clear,Green,LWWWL,LWWLL,0.22,1.88,-1,-2,148,6,174,2,MI
49,League,CSK,MI,MI,Bowl,M.A Chidambaram Stadium,54.82,Night,Clear,Green,LLLLL,LLWWW,0.38,-0.19,-5,3,181,7,176,8,MI
50,League,MI,CSK,CSK,Bat,Wankhede Stadium,65.86,Night,Humid,Green,WWLLL,WWWLL,-0.04,0.7,-3,-2,169,4,154,6,CSK
51,League,MI,CSK,MI,Bat,Wankhede Stadium,66.33,Night,Overcast,Green,WWWWL,WLLWW,-0.35,0.18,-1,2,158,5,145,5,CSK
52,League,CSK,MI,CSK,Bowl,M.A Chidambaram Stadium,65.45,Day,Rainy,Green,WWWWW,WWWWL,1.77,2.29,5,-1,166,5,177,9,CSK
53,League,CSK,MI,MI,Bat,M.A Chidambaram Stadium,60.19,Day,Humid,Green,LWLLL,LWLWW,1.2,-0.06,-3,2,197,7,173,7,MI
54,League,MI,CSK,CSK,Bowl,Wankhede Stadium,58.43,Night,Humid,Green,WLLWL,LWWWL,0.76,0.62,-1,-1,183,3,176,7,MI
55,League,MI,CSK,MI,Bat,Wankhede Stadium,68.2,Night,Clear,Green,LWLLL,LWLWL,1.59,0.01,-3,-1,217,3,196,9,MI
56,League,MI,CSK,CSK,Bowl,Wankhede Stadium,53.02,Day,Clear,Green,WLLLW,LWWLL,0.24,-0.08,1,-2,197,7,207,7,CSK
57,League,MI,CSK,MI,Bowl,Wankhede Stadium,57.04,Day,Humid,Green,LLLWW,LLWWW,-1.45,1.78,2,3,151,9,170,2,MI
58,League,CSK,MI,CSK,Bat,M.A Chidambaram Stadium,57.1,Day,Clear,Green,WLLLW,WWWLW,0.28,0.09,1,1,211,6,200,7,MI
59,League,CSK,MI,MI,Bat,M.A Chidambaram Stadium,62.29,Night,Overcast,Green,WLWWW,LWLLL,0.57,0,3,-3,205,9,210,5,MI
60,League,CSK,MI,CSK,Bowl,M.A Chidambaram Stadium,65.45,Night,Clear,Green,WLWWW,WWLWW,2.27,1.87,3,2,159,5,162,8,CSK
61,League,CSK,MI,MI,Bowl,M.A Chidambaram Stadium,61.75,Day,Humid,Dry,WLWWW,LWWLL,-1.39,2.08,3,-2,147,6,165,6,CSK
62,League,MI,CSK,CSK,Bowl,Wankhede Stadium,53.66,Night,Humid,Green,LLWLW,LWWWW,0.23,1.95,1,4,170,9,175,4,CSK
63,League,MI,CSK,CSK,Bowl,Wankhede Stadium,59.9,Day,Overcast,Green,LLWWL,LWLLL,0.5,-0.07,-1,-3,193,6,185,7,CSK
64,League,MI,CSK,CSK,Bat,Wankhede Stadium,68.78,Night,Clear,Green,LWLLL,WLWWL,0.12,0.17,-3,-1,200,9,211,6,MI
65,League,CSK,MI,CSK,Bat,M.A Chidambaram Stadium,56.93,Day,Clear,Dry,WLLLL,WWWLL,0.46,1.28,-4,-2,199,8,226,7,CSK
66,League,MI,CSK,MI,Bowl,Wankhede Stadium,63.92,Day,Clear,Green,WLWLW,LWLWW,-1.16,1.2,1,2,163,5,184,5,CSK
67,League,CSK,MI,MI,Bowl,M.A Chidambaram Stadium,58.72,Day,Clear,Dry,LWWWL,LLLWW,-0.65,1.63,-1,2,217,5,237,5,CSK
68,League,CSK,MI,MI,Bowl,M.A Chidambaram Stadium,55.56,Night,Overcast,Green,WWLLL,LWWWW,0.3,1.94,-3,4,179,6,190,4,CSK
69,League,CSK,MI,MI,Bat,M.A Chidambaram Stadium,68.73,Day,Overcast,Dry,LWLLW,WWWLW,-0.2,0.14,1,1,145,6,155,3,MI
70,League,MI,CSK,CSK,Bat,Wankhede Stadium,57.13,Night,Humid,Dry,LWWLL,WWWLW,0.18,0.99,-2,1,146,7,151,2,MI
71,League,MI,CSK,CSK,Bat,Wankhede Stadium,51.95,Night,Overcast,Green,LLWLW,WWWWW,-0.74,2.3,1,5,147,6,168,2,CSK
72,League,CSK,MI,CSK,Bowl,M.A Chidambaram Stadium,54.47,Day,Humid,Dry,WWWWL,WLLWW,-1.05,2.37,-1,2,198,9,213,5,CSK
73,League,MI,CSK,MI,Bat,Wankhede Stadium,55.54,Night,Clear,Green,WLWLW,WLWLL,0.45,0.32,1,-2,165,2,157,6,MI
74,League,MI,CSK,MI,Bat,Wankhede Stadium,57.28,Night,Clear,Green,LLWLW,WWWWW,0.58,-0.6,1,5,217,5,200,7,MI
75,League,MI,CSK,MI,Bat,Wankhede Stadium,51.35,Night,Clear,Green,WWWWW,LWLLL,0.3,0.57,5,-3,183,3,175,5,CSK
76,League,CSK,MI,CSK,Bowl,M.A Chidambaram Stadium,56.34,Day,Overcast,Green,LLLWW,WLLWW,-0.78,1.35,2,2,142,7,169,7,MI
77,League,CSK,MI,CSK,Bowl,M.A Chidambaram Stadium,65.35,Day,Clear,Green,WWLLW,WWWLW,1.62,-1.39,1,1,157,4,148,6,CSK
78,League,MI,CSK,CSK,Bat,Wankhede Stadium,62.66,Night,Clear,Dry,LLLWW,LLLLL,1.53,-1.24,2,-5,218,2,199,6,CSK
79,League,MI,CSK,CSK,Bowl,Wankhede Stadium,62.55,Day,Overcast,Green,LLWLL,WWWWW,0.99,1.89,-2,5,145,8,152,4,CSK
80,Playoff,CSK,MI,MI,Bowl,M.A Chidambaram Stadium,63.53,Day,Overcast,Green,WLWLW,LLLLW,-1.08,1.3,1,1,180,9,191,2,MI
81,League,MI,CSK,MI,Bowl,Wankhede Stadium,52.6,Night,Humid,Dry,LLLWW,WWWWW,-0.09,-0.49,2,5,214,7,228,6,MI
82,Playoff,MI,CSK,MI,Bat,Wankhede Stadium,64.9,Night,Humid,Green,WLLWW,WWLWL,1.48,0.16,2,-1,200,7,189,9,CSK
83,League,CSK,MI,CSK,Bowl,M.A Chidambaram Stadium,62.26,Day,Humid,Dry,WWWLW,WWWWL,0.39,0.24,1,-1,181,4,157,9,CSK
84,League,MI,CSK,CSK,Bat,Wankhede Stadium,65.8,Night,Clear,Dry,WLWLW,WWLLW,-1.16,0.96,1,1,157,6,171,4,MI
85,League,MI,CSK,MI,Bat,Wankhede Stadium,51.36,Night,Overcast,Green,LWLLW,LLLWW,0.73,0.57,1,2,162,9,168,2,MI
86,League,MI,CSK,CSK,Bowl,Wankhede Stadium,50.53,Day,Humid,Dry,LWWLW,WLLWL,1,-1.19,1,-1,219,7,201,6,MI
87,League,MI,CSK,CSK,Bowl,Wankhede Stadium,56.13,Day,Clear,Green,WWLWL,LLWWL,-0.94,1.14,-1,-1,162,5,180,7,CSK
88,Playoff,CSK,MI,CSK,Bowl,M.A Chidambaram Stadium,68.67,Day,Clear,Green,LWLWL,WLWWW,-0.93,0.09,-1,3,152,6,172,2,CSK
89,Playoff,CSK,MI,MI,Bat,M.A Chidambaram Stadium,69.11,Day,Overcast,Dry,LWWLW,WWWWL,0.31,1.08,1,-1,157,7,169,4,MI
90,Finals,CSK,MI,CSK,Bowl,M.A Chidambaram Stadium,69.32,Day,Clear,Green,WLLLL,LWLLW,2.08,-0.52,-4,1,205,5,199,8,CSK
91,Playoff,CSK,MI,MI,Bat,M.A Chidambaram Stadium,63.64,Night,Clear,Dry,LLLLL,LWWLL,-0.16,1.76,-5,-2,200,5,205,7,MI
92,League,CSK,MI,CSK,Bat,M.A Chidambaram Stadium,56.23,Night,Overcast,Green,LLLLL,LWWWW,-0.18,1.73,-5,4,197,9,215,2,CSK
93,League,CSK,MI,MI,Bat,M.A Chidambaram Stadium,50.21,Night,Overcast,Dry,WLLWW,LLLLW,0.91,-0.38,2,1,192,6,163,5,CSK
94,League,MI,CSK,CSK,Bowl,Wankhede Stadium,55.66,Day,Overcast,Dry,WLLWW,WWLWL,1.45,0.13,2,-1,217,7,211,8,CSK
95,Finals,MI,CSK,CSK,Bat,Wankhede Stadium,64.93,Day,Humid,Green,WWWWW,WLLWL,-0.62,-0.38,5,-1,200,5,217,7,MI
96,League,CSK,MI,MI,Bat,M.A Chidambaram Stadium,58.78,Night,Humid,Green,LLWLW,WLLWW,-0.03,1.61,1,2,190,6,212,4,MI
97,League,CSK,MI,CSK,Bat,M.A Chidambaram Stadium,59.97,Night,Overcast,Dry,LLLWW,WWLWL,1.19,-1.13,2,-1,213,2,186,8,CSK
98,League,CSK,MI,MI,Bat,M.A Chidambaram Stadium,59.73,Night,Humid,Green,WWWLW,LLLWW,0.09,0.22,1,2,219,7,208,7,CSK
99,League,MI,CSK,CSK,Bat,Wankhede Stadium,59.38,Day,Clear,Dry,LWLLW,LLWWL,0.3,1.43,1,-1,165,5,187,6,MI
100,League,MI,CSK,MI,Bowl,Wankhede Stadium,66.82,Night,Humid,Green,LWLWW,WLWWW,2.18,-0.25,2,3,200,6,176,5,CSK
101,League,MI,CSK,MI,Bowl,Wankhede Stadium,60.1,Day,Overcast,Green,LWWWW,WWLLL,1.02,0.21,4,-3,210,4,192,6,CSK
102,League,MI,CSK,MI,Bat,Wankhede Stadium,66.03,Day,Overcast,Dry,WLLLW,WLLLL,-1.25,-0.12,1,-4,171,8,197,6,MI
103,League,CSK,MI,CSK,Bowl,M.A Chidambaram Stadium,56.68,Night,Overcast,Green,WWWLW,WWLWL,-1.17,0.95,1,-1,203,9,218,3,MI
104,League,MI,CSK,CSK,Bat,Wankhede Stadium,65.17,Night,Overcast,Dry,WWWLW,WWWLL,0.23,0.49,1,-2,190,6,178,7,MI
105,Playoff,CSK,MI,MI,Bat,M.A Chidambaram Stadium,69.16,Day,Humid,Green,LLWLW,WLLLW,1.44,0.01,1,1,195,4,179,8,MI
106,Playoff,MI,CSK,MI,Bowl,Wankhede Stadium,54.4,Night,Humid,Green,WLWWW,LLWWW,-0.29,-0.87,3,3,193,2,187,5,MI
107,League,MI,CSK,CSK,Bat,Wankhede Stadium,54,Day,Humid,Green,WWWWL,WWWWW,2.22,2.32,-1,5,162,7,160,4,MI
108,Playoff,MI,CSK,MI,Bowl,Wankhede Stadium,68.9,Day,Overcast,Green,LWWWW,WWLLL,-0.24,0.39,4,-3,140,6,163,2,MI
109,League,CSK,MI,CSK,Bat,M.A Chidambaram Stadium,53.43,Night,Humid,Dry,LWLLL,WWWLW,-0.94,1.73,-3,1,211,9,220,2,CSK
110,Finals,CSK,MI,CSK,Bat,M.A Chidambaram Stadium,60.85,Day,Humid,Dry,WLWWW,LWWLL,0.09,-1.26,3,-2,142,2,121,9,CSK
111,League,CSK,MI,CSK,Bowl,M.A Chidambaram Stadium,51.24,Day,Humid,Green,LWWWW,LWWWW,1.28,-0.26,4,4,154,7,141,5,MI
112,League,MI,CSK,CSK,Bowl,Wankhede Stadium,62.3,Night,Clear,Green,WWLLL,WWWLL,-1.11,0.83,-3,-2,195,6,218,2,CSK
113,League,MI,CSK,MI,Bowl,Wankhede Stadium,66.28,Day,Humid,Dry,WWWWL,LWLWL,-0.66,2.09,-1,-1,154,9,183,2,CSK
114,League,CSK,MI,CSK,Bat,M.A Chidambaram Stadium,67.01,Day,Humid,Dry,LLLWW,WWWLW,-0.08,-0.99,2,1,189,7,162,9,CSK
115,League,MI,CSK,MI,Bowl,Wankhede Stadium,62.64,Day,Humid,Dry,WLWLW,WLLLW,0.31,1.99,1,1,141,9,157,7,CSK
116,League,MI,CSK,CSK,Bowl,Wankhede Stadium,67.33,Night,Humid,Dry,LWWWW,WWWWW,0.5,0.34,4,5,192,9,213,7,MI
117,League,MI,CSK,CSK,Bowl,Wankhede Stadium,54.2,Day,Overcast,Green,WWWLW,WWLWW,2.01,0.97,1,2,158,6,145,7,CSK
118,Playoff,CSK,MI,CSK,Bat,M.A Chidambaram Stadium,52.8,Night,Humid,Green,WLLLW,WWWLL,0.73,-0.13,1,-2,140,2,127,5,MI
119,Playoff,CSK,MI,CSK,Bowl,M.A Chidambaram Stadium,59.02,Day,Humid,Dry,WLLWW,WLWWW,0.89,0.03,2,3,159,4,150,8,CSK
120,Playoff,CSK,MI,MI,Bat,M.A Chidambaram Stadium,54.01,Night,Clear,Green,LLWLW,LLLWL,-0.46,0.68,1,-1,150,7,138,7,MI
121,League,MI,CSK,MI,Bowl,Wankhede Stadium,54.74,Day,Overcast,Green,LLLLL,LLLLW,0.7,0.52,-5,1,215,7,225,5,CSK
122,Playoff,MI,CSK,CSK,Bowl,Wankhede Stadium,63.52,Day,Clear,Green,LLLWL,WWWLW,0.02,-0.46,-1,1,205,7,183,7,MI
123,League,CSK,MI,CSK,Bowl,M.A Chidambaram Stadium,64.97,Night,Clear,Green,WWWLW,LLLLW,1.12,-0.6,1,1,189,4,180,6,CSK
124,League,MI,CSK,CSK,Bowl,Wankhede Stadium,58.45,Day,Humid,Green,LLLWW,WWLWL,-0.01,0.95,2,-1,216,6,201,8,MI
125,League,CSK,MI,CSK,Bowl,M.A Chidambaram Stadium,51.36,Day,Humid,Dry,WWLLL,WWLWW,0.07,-1.46,-3,2,203,7,178,7,CSK
126,Finals,MI,CSK,MI,Bowl,Wankhede Stadium,53.25,Night,Clear,Green,LLLLL,LWWLL,0.18,-0.13,-5,-2,207,4,180,7,MI
127,League,MI,CSK,MI,Bowl,Wankhede Stadium,54.75,Day,Humid,Dry,LWWLL,WLWLL,-1.03,0.5,-2,-2,200,9,215,4,CSK
128,Playoff,CSK,MI,CSK,Bat,M.A Chidambaram Stadium,68.69,Day,Humid,Green,LLWWL,WLWLL,0.19,2.07,-1,-2,156,7,166,2,CSK
129,League,MI,CSK,CSK,Bowl,Wankhede Stadium,57.83,Night,Humid,Green,LWWWL,WLLLL,2.15,-1.19,-1,-4,184,2,174,8,MI
130,League,CSK,MI,MI,Bowl,M.A Chidambaram Stadium,57.39,Day,Overcast,Green,LWLWW,LLLWW,-0.3,0.8,2,2,198,6,227,4,CSK
131,League,CSK,MI,CSK,Bat,M.A Chidambaram Stadium,65.77,Night,Humid,Dry,WWLLW,WWWWW,0.53,-1.46,1,5,218,6,210,6,MI
132,Playoff,MI,CSK,CSK,Bowl,Wankhede Stadium,54.28,Night,Humid,Green,LWWLL,WLLWL,2.31,0.17,-2,-1,172,2,145,6,MI
133,League,CSK,MI,CSK,Bat,M.A Chidambaram Stadium,58.75,Day,Clear,Green,WLLWW,WWLWL,1.23,0.46,2,-1,147,7,136,6,MI
134,League,MI,CSK,CSK,Bat,Wankhede Stadium,58.92,Night,Overcast,Green,LLWWL,WWLLL,1.21,0.16,-1,-3,175,2,160,7,MI
135,League,MI,CSK,CSK,Bowl,Wankhede Stadium,51.37,Day,Overcast,Green,WWWWW,WLWLL,0.43,-0.36,5,-2,146,2,141,6,MI
136,League,CSK,MI,CSK,Bowl,M.A Chidambaram Stadium,60.89,Day,Clear,Dry,LWLLW,WWLLL,0.19,-0.98,1,-3,185,2,174,5,MI
137,Playoff,MI,CSK,CSK,Bowl,Wankhede Stadium,64.71,Day,Clear,Dry,WLLLL,LWWLL,2.3,-0.52,-4,-2,177,7,155,8,MI
138,League,MI,CSK,MI,Bowl,Wankhede Stadium,57.28,Day,Humid,Green,LLLWW,LWLWL,0.1,1.13,2,-1,212,5,237,5,MI
139,League,MI,CSK,MI,Bat,Wankhede Stadium,58.37,Night,Humid,Green,WLLLW,WWWWL,-0.1,2.34,1,-1,158,5,167,4,CSK
140,League,CSK,MI,CSK,Bat,M.A Chidambaram Stadium,55.75,Night,Humid,Green,WWLWL,WWLWW,1.11,-1.27,-1,2,183,6,177,6,MI
141,League,MI,CSK,MI,Bat,Wankhede Stadium,66.54,Day,Overcast,Dry,WLLLL,WWWWW,-0.37,-0.71,-4,5,159,7,154,9,CSK
142,League,MI,CSK,MI,Bat,Wankhede Stadium,68.44,Night,Clear,Green,WLLWW,WLLWL,0.98,-1.08,2,-1,165,5,143,9,CSK
143,League,CSK,MI,CSK,Bowl,M.A Chidambaram Stadium,66.16,Night,Clear,Green,LWLWW,LLLWL,-1.26,0.19,2,-1,199,8,228,2,MI
144,League,MI,CSK,CSK,Bat,Wankhede Stadium,63.35,Night,Humid,Dry,LWWWL,WWLWL,0.2,1.35,-1,-1,201,6,211,2,CSK
145,Finals,CSK,MI,CSK,Bat,M.A Chidambaram Stadium,59,Night,Overcast,Dry,WWWLW,WWWLL,0.5,-1.47,1,-2,141,3,135,6,CSK
146,League,CSK,MI,CSK,Bat,M.A Chidambaram Stadium,63.43,Night,Humid,Green,WLWWL,LWLLL,0.49,0.01,-1,-3,193,6,178,7,CSK
147,League,CSK,MI,MI,Bat,M.A Chidambaram Stadium,69.14,Night,Overcast,Green,WLWLL,WWLLL,1.32,-0.61,-2,-3,188,5,174,7,CSK
148,League,MI,CSK,CSK,Bowl,Wankhede Stadium,66.78,Night,Humid,Green,LLLLW,LWLLL,0.33,-0.28,1,-3,175,7,185,4,CSK
149,Playoff,CSK,MI,MI,Bowl,M.A Chidambaram Stadium,50.28,Day,Humid,Dry,WWLLW,LWWWL,-1.46,0.39,1,-1,176,8,185,4,MI
150,League,MI,CSK,CSK,Bat,Wankhede Stadium,65.36,Night,Overcast,Dry,WLLWW,LLLWL,-0.77,1.75,2,-1,158,7,179,6,MI
151,League,CSK,MI,MI,Bowl,M.A Chidambaram Stadium,57.88,Day,Overcast,Green,WWWWL,WWWLL,2.23,-1.01,-1,-2,211,4,198,8,MI
152,League,CSK,MI,CSK,Bowl,M.A Chidambaram Stadium,69.84,Night,Overcast,Green,LWWWW,LWLLW,-1.22,-0.36,4,1,174,8,190,2,MI
153,League,MI,CSK,MI,Bat,Wankhede Stadium,50.28,Day,Clear,Green,WLWLW,WWLWL,-0.12,0.3,1,-1,174,8,190,4,CSK
154,League,MI,CSK,MI,Bat,Wankhede Stadium,60.8,Night,Clear,Green,WWWWW,WWWLL,-0.46,0.62,5,-2,165,3,143,8,MI
155,League,MI,CSK,CSK,Bowl,Wankhede Stadium,51.04,Day,Humid,Dry,LLLWW,WLLWL,-0.02,0.91,2,-1,164,5,191,6,CSK
156,League,MI,CSK,CSK,Bat,Wankhede Stadium,51.98,Night,Overcast,Green,WLWLW,LWLLW,0.3,-0.38,1,1,142,8,169,6,CSK
157,League,MI,CSK,MI,Bat,Wankhede Stadium,68.18,Day,Overcast,Green,LWLWW,WLWLW,-0.35,0.72,2,1,153,7,165,2,CSK
158,Playoff,CSK,MI,CSK,Bat,M.A Chidambaram Stadium,53.28,Day,Humid,Green,WLWLW,LWLLL,-0.42,1.14,1,-3,171,6,177,2,CSK
159,League,MI,CSK,MI,Bat,Wankhede Stadium,63.32,Day,Clear,Green,LLWLL,WWLWW,0.53,0.07,-2,2,162,4,151,6,MI
160,Playoff,MI,CSK,CSK,Bowl,Wankhede Stadium,50.5,Day,Overcast,Green,LWWLW,LWLLL,-0.73,2.45,1,-3,207,9,219,3,CSK
161,Playoff,CSK,MI,CSK,Bat,M.A Chidambaram Stadium,68.35,Night,Humid,Dry,LLWLW,WLWWL,0.37,0.28,1,-1,215,9,243,4,MI
162,League,CSK,MI,MI,Bat,M.A Chidambaram Stadium,51.72,Night,Overcast,Green,LWWLL,LLLWL,0.19,2.04,-2,-1,216,9,223,5,MI
163,League,MI,CSK,CSK,Bowl,Wankhede Stadium,54,Day,Cloudy,Green,WWWWW,WWWWL,1.66,2.8,5,-1,131,5,182,8,CSK
164,League,MI,CSK,MI,Bat,Wankhede Stadium,58.29,Night,Humid,Green,LWWWL,LLWLL,2.24,-0.79,-1,-2,148,2,122,6,CSK
165,League,MI,CSK,MI,Bowl,Wankhede Stadium,51.61,Day,Humid,Dry,WWWWW,WLLWW,0.77,0.44,5,2,158,5,184,7,CSK
166,League,CSK,MI,MI,Bat,M.A Chidambaram Stadium,53.74,Night,Clear,Green,WLLLW,LWLWL,-0.51,0.2,1,-1,202,5,231,4,CSK
167,League,MI,CSK,MI,Bowl,Wankhede Stadium,58.99,Night,Overcast,Dry,LWLLW,LLWLL,0.03,0.09,1,-2,219,8,247,6,CSK
168,League,MI,CSK,MI,Bat,Wankhede Stadium,57.47,Day,Clear,Green,LWLLL,WWWLW,-0.06,-0.81,-3,1,160,7,150,9,CSK
169,League,CSK,MI,CSK,Bowl,M.A Chidambaram Stadium,55.79,Day,Clear,Green,LLWLW,LWLLW,1.98,-0.71,1,1,158,2,142,5,MI
170,League,MI,CSK,CSK,Bowl,Wankhede Stadium,68.79,Day,Humid,Green,LWWWW,LWLLL,-0.82,2.25,4,-3,184,6,190,3,MI
171,League,MI,CSK,CSK,Bowl,Wankhede Stadium,50.33,Day,Humid,Green,LLLWL,WWWLL,0.29,-0.25,-1,-2,144,8,166,7,MI
172,Playoff,CSK,MI,CSK,Bat,M.A Chidambaram Stadium,53.43,Night,Overcast,Dry,LLLLW,WLLLW,0.83,1.67,1,1,181,9,202,5,MI
173,League,CSK,MI,CSK,Bat,M.A Chidambaram Stadium,52.47,Day,Overcast,Green,WWWWL,LWWWW,1.82,0.87,-1,4,151,6,140,8,MI
174,League,MI,CSK,MI,Bowl,Wankhede Stadium,56.6,Night,Overcast,Dry,LLWWW,WWLWL,1.34,-1.16,3,-1,166,5,149,7,CSK
175,Playoff,CSK,MI,CSK,Bat,M.A Chidambaram Stadium,69.04,Day,Clear,Dry,WWLWL,WWLLL,0.17,2.32,-1,-3,153,7,173,7,CSK
176,League,MI,CSK,MI,Bat,Wankhede Stadium,68.22,Day,Overcast,Green,WLLLL,WLWLW,0,-0.3,-4,1,219,6,228,6,CSK
177,Playoff,CSK,MI,MI,Bat,M.A Chidambaram Stadium,59.63,Day,Humid,Green,WLWWW,LWWWW,2.35,-1.25,3,4,180,5,168,7,CSK
178,League,CSK,MI,MI,Bowl,M.A Chidambaram Stadium,67.51,Day,Clear,Dry,WWWWW,LLLWW,0.4,2.48,5,2,171,9,186,4,MI
179,League,MI,CSK,MI,Bowl,Wankhede Stadium,59.1,Day,Overcast,Green,LWWWW,WWLLL,0.24,1.86,4,-3,167,8,195,2,MI
180,League,MI,CSK,MI,Bat,Wankhede Stadium,66.39,Day,Clear,Dry,LLLWW,LWWLL,0.5,1.96,2,-2,208,8,227,3,CSK
181,League,CSK,MI,CSK,Bat,M.A Chidambaram Stadium,51.12,Night,Overcast,Green,LWLLL,WLLWW,0.9,1.84,-3,2,170,6,181,7,MI
182,League,MI,CSK,CSK,Bat,Wankhede Stadium,59.3,Day,Humid,Green,LLLLW,LWLWW,2.25,-0.97,1,2,156,4,129,7,CSK
183,Finals,MI,CSK,CSK,Bat,Wankhede Stadium,63.23,Night,Humid,Dry,LWWLW,LWWLL,-1.2,1.78,1,-2,165,9,186,4,MI
184,League,MI,CSK,CSK,Bowl,Wankhede Stadium,56.23,Night,Overcast,Green,WWLWW,WLLWW,0.84,0.16,2,2,198,3,181,9,CSK
185,Playoff,CSK,MI,MI,Bat,M.A Chidambaram Stadium,57.9,Night,Overcast,Dry,LLLLL,LWLLL,-0.5,1.33,-5,-3,173,6,191,4,MI
186,League,MI,CSK,CSK,Bowl,Wankhede Stadium,50.34,Night,Humid,Green,WWWWL,WWLWW,0.98,-0.07,-1,2,140,5,127,9,CSK
187,League,MI,CSK,MI,Bowl,Wankhede Stadium,54.2,Night,Clear,Dry,LLLWW,WLLLL,0.54,0.42,2,-4,142,9,159,4,MI
188,League,MI,CSK,MI,Bowl,Wankhede Stadium,59.89,Day,Humid,Dry,WWLLL,WLLLL,-0.6,0.41,-3,-4,176,7,203,3,CSK
189,Playoff,CSK,MI,MI,Bowl,M.A Chidambaram Stadium,62.05,Day,Overcast,Green,WWLWL,LWLLW,1.37,-0.66,-1,1,183,4,167,6,CSK
190,League,MI,CSK,CSK,Bat,Wankhede Stadium,65.54,Day,Clear,Green,LLWWW,LLLLW,-0.02,0.51,3,1,201,7,223,4,MI
191,League,CSK,MI,CSK,Bowl,M.A Chidambaram Stadium,64.55,Day,Humid,Dry,WLWLL,WWWWW,1.28,-0.29,-2,5,199,2,181,7,CSK
192,Finals,MI,CSK,MI,Bat,Wankhede Stadium,59.13,Night,Humid,Green,WLLLL,WLLWW,-0.09,-0.47,-4,2,171,5,184,3,CSK
193,League,MI,CSK,MI,Bat,Wankhede Stadium,62.85,Day,Overcast,Dry,LWWLW,LWLWL,-0.21,1.88,1,-1,169,8,193,4,MI
194,League,MI,CSK,CSK,Bat,Wankhede Stadium,64.97,Night,Humid,Dry,LWLWL,LWWWW,-0.1,-0.24,-1,4,171,2,162,7,MI
195,League,MI,CSK,MI,Bowl,Wankhede Stadium,65.52,Day,Humid,Green,WLLLL,WWWLW,0.93,0.39,-4,1,217,5,236,2,CSK
196,League,CSK,MI,CSK,Bowl,M.A Chidambaram Stadium,67.7,Day,Overcast,Dry,LWLWW,WLLWW,-0.61,-0.24,2,2,157,6,185,4,CSK
197,League,CSK,MI,CSK,Bat,M.A Chidambaram Stadium,69.51,Day,Humid,Green,WLWWW,WLWLW,0.58,0.29,3,1,147,5,165,4,CSK
198,League,MI,CSK,CSK,Bowl,Wankhede Stadium,54.93,Night,Clear,Dry,WWWLW,LWLLL,-0.21,-0.42,1,-3,192,2,169,5,CSK
199,League,CSK,MI,MI,Bat,M.A Chidambaram Stadium,58.31,Night,Clear,Green,LWLLW,WLLWW,-0.17,0.74,1,2,160,9,189,3,CSK
200,League,CSK,MI,CSK,Bowl,M.A Chidambaram Stadium,57.16,Night,Overcast,Dry,LWWWW,LLLWL,-1.02,0.25,4,-1,216,9,235,5,CSK
201,League,CSK,MI,MI,Bat,M.A Chidambaram Stadium,61.07,Night,Humid,Dry,WWWLW,LLWLL,0.13,-0.07,1,-2,179,5,156,5,MI
202,League,CSK,MI,MI,Bat,M.A Chidambaram Stadium,58.72,Night,Overcast,Dry,LWLLL,WLWWW,-1.16,0.9,-3,3,153,5,180,5,MI
203,League,MI,CSK,CSK,Bat,Wankhede Stadium,62.22,Day,Clear,Green,WLLWL,LLWLW,2.25,-0.64,-1,1,159,7,149,7,CSK
204,League,CSK,MI,CSK,Bowl,M.A Chidambaram Stadium,54.23,Night,Clear,Green,LWLLL,WLLLW,2.4,-0.2,-3,1,152,5,131,5,CSK
205,League,CSK,MI,CSK,Bowl,M.A Chidambaram Stadium,54,Night,Humid,Green,WWLWW,WWWWW,1.79,2.83,2,5,152,7,188,8,CSK
206,League,MI,CSK,CSK,Bowl,Wankhede Stadium,59.04,Day,Humid,Green,LLLLL,LWWWL,-1.12,0.71,-5,-1,198,6,219,3,CSK
207,League,CSK,MI,CSK,Bowl,M.A Chidambaram Stadium,56.25,Day,Humid,Green,WWLLW,LWLWL,1.07,0.41,1,-1,150,2,128,9,CSK
208,Finals,MI,CSK,MI,Bowl,Wankhede Stadium,65.92,Night,Humid,Green,WLWWW,LWWLL,1.99,-1.16,3,-2,162,4,144,5,CSK
209,League,MI,CSK,CSK,Bat,Wankhede Stadium,64.02,Day,Overcast,Dry,WWLWW,LWLWW,0.57,0.79,2,2,183,5,201,4,MI
210,Playoff,MI,CSK,MI,Bowl,Wankhede Stadium,66.53,Day,Overcast,Green,LLLWW,WWWLW,2.24,-0.4,2,1,148,5,142,8,MI
211,League,CSK,MI,CSK,Bat,M.A Chidambaram Stadium,61.58,Day,Overcast,Green,WLWLL,LLWLL,-1.2,-0.02,-2,-2,202,7,222,3,CSK
212,Playoff,MI,CSK,MI,Bat,Wankhede Stadium,65.93,Night,Clear,Green,LWLLW,LLLLL,2.07,-0.22,1,-5,148,2,129,5,CSK
213,Playoff,MI,CSK,MI,Bat,Wankhede Stadium,67.36,Night,Clear,Green,LLLWW,LWWWW,1.53,0.81,2,4,143,7,127,9,CSK
214,League,MI,CSK,MI,Bat,Wankhede Stadium,62.86,Day,Clear,Green,LLLLW,WLWWL,0.35,0.94,1,-1,164,8,192,3,CSK
215,League,CSK,MI,MI,Bat,M.A Chidambaram Stadium,66.25,Day,Clear,Dry,WWWWW,WWWWW,0.81,1.79,5,5,199,7,211,2,CSK
216,League,CSK,MI,CSK,Bat,M.A Chidambaram Stadium,63.99,Night,Humid,Green,LLLWW,LWLWW,0.01,-0.23,2,2,164,6,148,7,CSK
217,League,MI,CSK,MI,Bowl,Wankhede Stadium,50.41,Day,Overcast,Green,LLWLW,LWLLL,1.41,-0.01,1,-3,191,7,176,8,MI
218,League,CSK,MI,CSK,Bat,M.A Chidambaram Stadium,54.48,Day,Humid,Dry,WWWWW,LWLLL,-0.02,-0.96,5,-3,163,6,149,6,CSK
219,League,CSK,MI,CSK,Bat,M.A Chidambaram Stadium,63.37,Night,Humid,Dry,LWLWL,WLLWL,1.03,0.93,-1,-1,143,6,138,9,MI
220,League,MI,CSK,CSK,Bat,Wankhede Stadium,67.71,Night,Overcast,Green,LLWWL,LLWLL,-1.12,1.03,-1,-2,155,7,180,7,CSK
221,League,CSK,MI,MI,Bowl,M.A Chidambaram Stadium,69.74,Day,Clear,Green,LWLLL,WLLWW,0.3,0.97,-3,2,149,7,161,3,MI
222,League,CSK,MI,MI,Bat,M.A Chidambaram Stadium,60.66,Day,Overcast,Green,WWWWL,LLWWL,2.27,0.7,-1,-1,141,4,122,7,CSK
223,Playoff,MI,CSK,CSK,Bat,Wankhede Stadium,68.22,Night,Overcast,Green,WWWWL,WLWWW,0.62,-0.64,-1,3,184,3,169,7,CSK
224,League,MI,CSK,CSK,Bowl,Wankhede Stadium,61.98,Night,Humid,Green,LLWLL,LWWLW,-1.41,-0.38,-2,1,150,5,158,4,CSK
225,League,CSK,MI,MI,Bat,M.A Chidambaram Stadium,58.04,Day,Clear,Green,LWLWW,LLLLL,0.95,0.12,2,-5,140,2,120,6,MI
226,League,CSK,MI,CSK,Bat,M.A Chidambaram Stadium,50.8,Day,Clear,Green,WLLWL,WLWWL,1.09,0.97,-1,-1,186,6,159,8,CSK
227,League,CSK,MI,MI,Bowl,M.A Chidambaram Stadium,55.45,Night,Clear,Green,WWWLL,LLWLW,-0.49,0.79,-2,1,165,2,137,5,CSK
228,League,MI,CSK,CSK,Bowl,Wankhede Stadium,58.79,Day,Clear,Dry,WLWWL,LWWWW,0.17,-0.1,-1,4,171,6,179,3,MI
229,League,MI,CSK,MI,Bat,Wankhede Stadium,58.26,Day,Humid,Green,LLWLL,WLWWL,0.82,-0.2,-2,-1,181,6,196,3,CSK
230,League,CSK,MI,MI,Bat,M.A Chidambaram Stadium,62.43,Night,Overcast,Dry,WLWLL,WWLWL,0.47,1.84,-2,-1,208,7,226,5,CSK
231,League,MI,CSK,CSK,Bowl,Wankhede Stadium,63.12,Night,Clear,Green,WLWLL,LLLWL,-0.55,1.13,-2,-1,198,9,220,2,CSK
232,League,MI,CSK,MI,Bat,Wankhede Stadium,52.18,Day,Overcast,Green,WLLLL,WLLWW,0.86,0.67,-4,2,182,5,167,8,MI
233,League,CSK,MI,MI,Bowl,M.A Chidambaram Stadium,65.31,Day,Overcast,Dry,WWLWW,LWLWW,2.14,-0.79,2,2,183,4,174,8,CSK
234,League,CSK,MI,CSK,Bowl,M.A Chidambaram Stadium,61.64,Day,Clear,Dry,LLWWW,WLLWW,0.38,0.83,3,2,182,7,188,6,MI
235,League,CSK,MI,CSK,Bowl,M.A Chidambaram Stadium,55.17,Night,Humid,Dry,WLLLL,LLWLL,1.65,-0.42,-4,-2,159,2,137,5,CSK
236,Playoff,MI,CSK,CSK,Bowl,Wankhede Stadium,60.04,Day,Clear,Dry,LLWWL,WWWLL,0.96,0.58,-1,-2,208,7,217,5,CSK
237,League,MI,CSK,CSK,Bowl,Wankhede Stadium,57.81,Day,Overcast,Dry,LLWWL,LWLWL,1.32,0.01,-1,-1,151,7,145,6,MI
238,League,MI,CSK,CSK,Bat,Wankhede Stadium,60.42,Night,Humid,Green,WLWLW,WLLWW,-1.01,1.61,1,2,212,5,233,7,MI
239,League,CSK,MI,MI,Bat,M.A Chidambaram Stadium,67.86,Night,Humid,Green,WLWWL,LLLWL,1.56,-0.46,-1,-1,162,4,143,6,MI
240,League,CSK,MI,CSK,Bat,M.A Chidambaram Stadium,66.74,Night,Overcast,Green,LWLLL,LWWLW,-0.17,0.23,-3,1,179,6,192,2,CSK
241,League,CSK,MI,MI,Bat,M.A Chidambaram Stadium,51.41,Night,Overcast,Green,WWLLL,LLLWL,-0.09,-0.7,-3,-1,209,7,188,8,MI
242,League,MI,CSK,CSK,Bowl,Wankhede Stadium,68.38,Night,Clear,Green,LWLWL,LLLLW,0.34,2.33,-1,1,166,9,185,7,MI
243,League,MI,CSK,MI,Bat,Wankhede Stadium,53.26,Night,Humid,Green,LWWLW,LWLWW,0.35,2.1,1,2,177,7,183,5,MI
244,League,MI,CSK,CSK,Bowl,Wankhede Stadium,55.12,Day,Overcast,Green,LLWLL,LWLLW,-0.7,2.06,-2,1,192,9,202,3,CSK
245,League,MI,CSK,CSK,Bowl,Wankhede Stadium,52.08,Day,Clear,Green,LLLWW,LLWWW,0.16,1.98,2,3,158,8,168,5,MI
246,Playoff,MI,CSK,MI,Bowl,Wankhede Stadium,57.85,Night,Clear,Green,LWWWW,LLWWL,0.15,-1.09,4,-1,200,6,173,5,CSK
247,League,CSK,MI,MI,Bowl,M.A Chidambaram Stadium,57.22,Night,Humid,Dry,LLWWL,LLLWW,-0.48,0.72,-1,2,200,3,180,8,CSK
248,Playoff,MI,CSK,CSK,Bowl,Wankhede Stadium,53.94,Night,Overcast,Green,WLWWL,LLWWL,0.53,2.22,-1,-1,169,9,196,4,CSK
249,League,MI,CSK,MI,Bowl,Wankhede Stadium,50.53,Day,Overcast,Green,LWLWW,LWWWW,0.94,0.22,2,4,200,5,171,7,MI
250,League,CSK,MI,CSK,Bat,M.A Chidambaram Stadium,65.32,Day,Overcast,Green,LWLLL,WWLLW,1.36,-1.47,-3,1,175,6,149,6,MI
251,League,CSK,MI,CSK,Bat,M.A Chidambaram Stadium,60.76,Night,Humid,Green,WLLLW,LLLLW,-0.18,0.86,1,1,218,4,213,9,MI
252,League,CSK,MI,CSK,Bowl,M.A Chidambaram Stadium,69.57,Day,Overcast,Green,WLWWW,LWWLL,0.76,1.87,3,-2,141,8,164,5,CSK
253,League,MI,CSK,MI,Bat,Wankhede Stadium,65.62,Night,Humid,Green,LWLLL,LWWWL,1.12,-1.37,-3,-1,187,7,164,9,CSK
254,League,CSK,MI,CSK,Bowl,M.A Chidambaram Stadium,65.56,Day,Clear,Green,LWWWW,LWWWW,1.14,0.87,4,4,147,3,125,5,CSK
255,League,CSK,MI,CSK,Bowl,M.A Chidambaram Stadium,56.81,Night,Overcast,Green,LLWLL,LWLWL,0.48,0.46,-2,-1,190,6,161,7,CSK
256,League,CSK,MI,CSK,Bowl,M.A Chidambaram Stadium,54.35,Night,Clear,Green,LWLWL,LWLWL,0.08,0.59,-1,-1,170,5,186,5,MI
257,League,CSK,MI,CSK,Bowl,M.A Chidambaram Stadium,60.04,Day,Clear,Dry,LWLWL,LWWLW,0.49,-0.84,-1,1,215,5,207,9,MI
258,League,MI,CSK,MI,Bat,Wankhede Stadium,50.94,Night,Humid,Green,WWLWW,WLWLL,0.88,0.44,2,-2,156,5,150,6,MI
259,League,MI,CSK,MI,Bat,Wankhede Stadium,55.67,Day,Humid,Green,LWLLW,WLLLW,0.17,0.44,1,1,187,5,201,7,CSK
260,League,MI,CSK,CSK,Bat,Wankhede Stadium,52.11,Night,Humid,Green,WWLWW,WLLWL,1.18,-0.05,2,-1,184,7,168,9,CSK
261,League,MI,CSK,CSK,Bat,Wankhede Stadium,63.37,Day,Humid,Green,LLLWW,WWLLL,0.44,0.65,2,-3,142,7,162,3,MI
262,League,MI,CSK,CSK,Bowl,Wankhede Stadium,53.17,Night,Overcast,Green,WLWLL,WWWLL,0.13,-0.11,-2,-2,205,8,227,7,CSK
263,League,CSK,MI,CSK,Bat,M.A Chidambaram Stadium,56.04,Night,Clear,Dry,WLWWW,WLLLW,0.07,-1.33,3,1,188,5,162,7,MI
264,League,CSK,MI,MI,Bowl,M.A Chidambaram Stadium,58.45,Night,Overcast,Green,LWLWL,WWWWL,0.26,0.33,-1,-1,179,6,154,7,CSK
265,League,CSK,MI,MI,Bat,M.A Chidambaram Stadium,67.31,Night,Overcast,Green,WLLLL,WWLWW,2.24,-1.36,-4,2,163,6,136,8,CSK
266,League,MI,CSK,MI,Bowl,Wankhede Stadium,65.77,Night,Clear,Green,WLLWW,LWWLW,0.1,1.97,2,1,166,8,189,7,MI
267,League,MI,CSK,MI,Bowl,Wankhede Stadium,62.93,Day,Clear,Green,WWWLW,WLWLL,2.1,-0.2,1,-2,143,3,121,6,MI
268,Playoff,CSK,MI,MI,Bowl,M.A Chidambaram Stadium,54.58,Day,Clear,Green,LWLLW,WWLLL,0.02,0.6,1,-3,158,5,182,7,MI
269,League,CSK,MI,MI,Bat,M.A Chidambaram Stadium,62.65,Night,Overcast,Green,WWLLL,LLWWW,-0.56,1.83,-3,3,156,8,168,5,MI
270,League,MI,CSK,MI,Bowl,Wankhede Stadium,65.7,Night,Overcast,Green,WLLLW,WWWLL,2.15,-0.58,1,-2,187,4,177,8,MI
271,League,CSK,MI,MI,Bat,M.A Chidambaram Stadium,65.97,Day,Overcast,Green,LLLWW,WLLWL,-0.46,-0.35,2,-1,190,7,199,7,CSK
272,League,CSK,MI,CSK,Bowl,M.A Chidambaram Stadium,57.83,Day,Humid,Dry,WLLLW,LWWLW,1.43,-0.26,1,1,160,5,144,7,CSK
273,League,CSK,MI,MI,Bat,M.A Chidambaram Stadium,58.85,Day,Overcast,Green,WWLWL,WLWWL,-0.04,1.63,-1,-1,161,5,174,7,CSK
274,League,MI,CSK,MI,Bat,Wankhede Stadium,62.9,Day,Overcast,Green,WLLLW,LLLLL,1.94,-0.76,1,-5,184,5,161,8,CSK
275,League,CSK,MI,CSK,Bowl,M.A Chidambaram Stadium,57.46,Day,Overcast,Green,WLWWL,LLWWL,1.65,0.36,-1,-1,198,4,181,5,CSK
276,Playoff,MI,CSK,CSK,Bat,Wankhede Stadium,55.39,Day,Overcast,Green,WLWWL,WLWWL,-1.27,1.3,-1,-1,199,8,213,4,CSK
277,League,MI,CSK,MI,Bowl,Wankhede Stadium,69.35,Night,Overcast,Green,LWLWW,LWLWW,-1.21,0.45,2,2,217,5,233,5,CSK
278,Playoff,MI,CSK,CSK,Bowl,Wankhede Stadium,64.53,Day,Clear,Green,WWWLL,WLLLL,0.97,0.06,-2,-4,177,6,191,3,CSK
279,League,MI,CSK,CSK,Bowl,Wankhede Stadium,53.37,Night,Overcast,Green,LLWWW,WLWLW,1.3,-0.43,3,1,157,3,130,7,CSK
280,Playoff,MI,CSK,MI,Bowl,Wankhede Stadium,58.36,Day,Overcast,Dry,WLWWL,LWWWW,-0.57,1.03,-1,4,150,6,156,5,MI
281,League,MI,CSK,CSK,Bat,Wankhede Stadium,64.8,Day,Humid,Green,WWWLW,LWWWW,0.68,0.1,1,4,176,9,182,6,CSK
282,League,CSK,MI,MI,Bowl,M.A Chidambaram Stadium,65.48,Day,Clear,Green,LWLWW,LWLWW,-1.22,1.43,2,2,184,9,192,2,CSK
283,League,MI,CSK,MI,Bowl,Wankhede Stadium,52.06,Night,Clear,Dry,LWWLW,LLLWW,-0.84,2.35,1,2,211,5,239,3,CSK
284,League,MI,CSK,CSK,Bowl,Wankhede Stadium,65.9,Night,Overcast,Green,WLLWL,WLLLW,-0.89,2.13,-1,1,203,5,230,3,CSK
285,League,CSK,MI,MI,Bat,M.A Chidambaram Stadium,62.42,Night,Clear,Dry,LLLLW,LWLWW,2.02,-0.19,1,2,211,7,199,6,CSK
286,League,MI,CSK,CSK,Bat,Wankhede Stadium,60.19,Day,Humid,Green,WWWLL,LWWWL,2.18,0.95,-2,-1,186,2,167,6,CSK
287,League,MI,CSK,CSK,Bat,Wankhede Stadium,69.83,Day,Overcast,Green,LLWWL,WWWLL,0.71,0.07,-1,-2,212,4,185,7,CSK
288,League,MI,CSK,MI,Bowl,Wankhede Stadium,50.99,Day,Humid,Dry,LLLLL,WWWWL,0.9,1.43,-5,-1,188,9,210,2,CSK
289,League,MI,CSK,MI,Bat,Wankhede Stadium,65.85,Day,Clear,Green,WWWWL,LLWLW,1.24,-1,-1,1,205,5,184,8,CSK
290,League,CSK,MI,MI,Bowl,M.A Chidambaram Stadium,51.22,Day,Overcast,Green,WLLWW,LLLWL,0.72,2.18,2,-1,145,5,167,7,MI
291,League,MI,CSK,CSK,Bowl,Wankhede Stadium,66.36,Day,Overcast,Dry,WLLLL,LWWWW,0.8,1.72,-4,4,182,5,208,4,CSK
292,League,CSK,MI,MI,Bowl,M.A Chidambaram Stadium,64.01,Day,Overcast,Green,WWLLL,LWLLL,0.34,2.38,-3,-3,212,5,227,5,CSK
293,Playoff,MI,CSK,MI,Bowl,Wankhede Stadium,57.54,Night,Overcast,Green,LWWWL,LWLWW,-0.18,-0.93,-1,2,183,2,154,9,MI
294,League,MI,CSK,CSK,Bowl,Wankhede Stadium,62.7,Night,Humid,Green,LLWLL,WWWWW,0.72,1.38,-2,5,187,5,195,6,CSK
295,League,MI,CSK,MI,Bowl,Wankhede Stadium,56.21,Day,Overcast,Dry,LWWWL,LWWLW,1.23,-0.41,-1,1,144,4,122,7,CSK
296,League,CSK,MI,MI,Bat,M.A Chidambaram Stadium,57.23,Day,Overcast,Dry,WWWWW,WWLWW,-0.43,1.04,5,2,142,8,171,5,CSK
297,League,MI,CSK,MI,Bat,Wankhede Stadium,55.66,Night,Clear,Green,LLLWL,WWWLL,2.1,-0.62,-1,-2,188,2,162,8,MI
298,League,CSK,MI,MI,Bowl,M.A Chidambaram Stadium,65.94,Day,Humid,Green,WWLWW,LLLWL,-0.52,-0.01,2,-1,190,9,203,3,MI
299,Playoff,MI,CSK,CSK,Bowl,Wankhede Stadium,54.87,Night,Clear,Dry,LLLLW,WWWLW,-0.29,-0.49,1,1,151,2,144,9,CSK
300,Playoff,CSK,MI,CSK,Bat,M.A Chidambaram Stadium,50.46,Day,Humid,Dry,WLLWW,LLLLL,0.1,-0.23,2,-5,149,8,170,6,MI
301,League,CSK,MI,CSK,Bat,M.A Chidambaram Stadium,50.84,Night,Humid,Dry,LLLLL,WWWLL,1.4,-0.37,-5,-2,178,6,158,7,CSK
302,League,CSK,MI,CSK,Bowl,M.A Chidambaram Stadium,56.05,Night,Humid,Green,LWWLL,WLLWL,-0.16,0.07,-2,-1,142,9,147,7,CSK
303,League,CSK,MI,MI,Bat,M.A Chidambaram Stadium,63.68,Day,Clear,Green,LWLWL,LWLLW,1.62,-0.38,-1,1,182,3,158,5,CSK
304,League,CSK,MI,MI,Bowl,M.A Chidambaram Stadium,64.27,Night,Clear,Dry,WLWWL,WLLWL,0.52,-0.22,-1,-1,148,4,124,5,CSK
305,Playoff,MI,CSK,CSK,Bat,Wankhede Stadium,61.74,Day,Clear,Dry,LLLWW,LWLWL,-0.37,0.32,2,-1,191,7,214,7,CSK
306,League,MI,CSK,CSK,Bowl,Wankhede Stadium,51.51,Night,Overcast,Green,LWWWW,WLWWW,2.5,0.02,4,3,152,7,139,5,MI
307,League,CSK,MI,CSK,Bowl,M.A Chidambaram Stadium,59.49,Night,Humid,Dry,WWWLL,LWLLW,1.51,-0.99,-2,1,160,7,145,6,CSK
308,Finals,MI,CSK,CSK,Bat,Wankhede Stadium,54.03,Day,Overcast,Dry,WWLWL,LLWLL,-1.1,0.88,-1,-2,148,7,154,7,CSK
309,League,CSK,MI,MI,Bat,M.A Chidambaram Stadium,66.24,Day,Overcast,Green,WWWLW,WWWWL,0.64,-1.22,1,-1,169,6,161,6,MI
310,League,MI,CSK,MI,Bowl,Wankhede Stadium,64.84,Day,Humid,Dry,LWWWW,LLLLL,-1.11,-0.12,4,-5,183,9,197,7,CSK
311,League,CSK,MI,MI,Bat,M.A Chidambaram Stadium,50.55,Day,Humid,Dry,WLWLW,LLLLL,-0.14,0.38,1,-5,165,7,151,8,CSK
312,League,MI,CSK,MI,Bowl,Wankhede Stadium,51.45,Night,Overcast,Green,LLWLW,WWLLL,2.32,-0.33,1,-3,149,4,131,6,MI
313,League,MI,CSK,MI,Bat,Wankhede Stadium,51.77,Night,Humid,Green,WWWLW,WWWWL,0.38,0.84,1,-1,200,6,221,5,CSK
314,League,MI,CSK,MI,Bowl,Wankhede Stadium,55.31,Night,Clear,Dry,WLWLW,WWLLL,0.69,-0.48,1,-3,191,5,216,6,MI
315,League,MI,CSK,CSK,Bowl,Wankhede Stadium,68.79,Day,Clear,Green,WLLLW,LLWLL,0.93,0.29,1,-2,208,3,199,6,CSK
316,League,CSK,MI,MI,Bat,M.A Chidambaram Stadium,60.67,Night,Humid,Green,WLLWW,LLLLW,-1.16,1.14,2,1,216,9,222,5,CSK
317,League,CSK,MI,CSK,Bowl,M.A Chidambaram Stadium,53.43,Day,Overcast,Green,LLWWW,LWWLL,-0.54,1.8,3,-2,191,9,205,7,MI
318,League,MI,CSK,MI,Bat,Wankhede Stadium,62.8,Night,Clear,Green,LLWLL,LLWLL,0.96,0.01,-2,-2,200,6,194,7,MI
319,Finals,CSK,MI,CSK,Bat,M.A Chidambaram Stadium,66.09,Night,Overcast,Dry,WLLWW,LWLWW,0.24,0.7,2,2,147,9,152,2,CSK
320,League,CSK,MI,MI,Bat,M.A Chidambaram Stadium,58.72,Night,Overcast,Green,WLLWW,LLLLW,1.25,-1.18,2,1,151,4,145,5,CSK
321,League,MI,CSK,MI,Bat,Wankhede Stadium,52,Night,Humid,Green,WWWWW,WWLWL,-1.44,0.12,5,-1,215,8,244,5,MI
322,League,MI,CSK,CSK,Bat,Wankhede Stadium,64.39,Night,Overcast,Dry,WWLWL,WLLWW,-1.33,0.3,-1,2,203,6,229,7,MI
323,League,CSK,MI,MI,Bowl,M.A Chidambaram Stadium,51.37,Night,Humid,Green,WWWWL,WWLWW,0.01,-1.23,-1,2,181,2,176,9,MI
324,League,CSK,MI,CSK,Bowl,M.A Chidambaram Stadium,52.55,Day,Humid,Dry,LWLLW,LLLLL,-0.33,-0.4,1,-5,140,8,154,3,MI
325,League,MI,CSK,MI,Bat,Wankhede Stadium,68.43,Day,Clear,Green,LLWLW,WLWLW,2.06,-0.6,1,1,157,7,141,9,MI
326,Playoff,MI,CSK,MI,Bowl,Wankhede Stadium,63.76,Night,Clear,Dry,WWLWL,LLLLW,0.39,-0.28,-1,1,140,6,146,4,CSK
327,League,CSK,MI,MI,Bat,M.A Chidambaram Stadium,54.45,Night,Clear,Dry,WLWLL,WWWWL,-0.12,2.26,-2,-1,143,9,155,6,CSK
328,League,CSK,MI,CSK,Bowl,M.A Chidambaram Stadium,57.25,Night,Clear,Dry,WLLWW,LLWLW,1.65,-1.25,2,1,151,3,130,6,MI
329,League,CSK,MI,CSK,Bowl,M.A Chidambaram Stadium,53.77,Day,Humid,Green,WLWLL,WWWLW,1.85,-1.39,-2,1,193,2,182,7,MI
330,League,CSK,MI,CSK,Bowl,M.A Chidambaram Stadium,51.5,Night,Overcast,Dry,LLWWL,WLLWL,-0.39,-0.25,-1,-1,196,6,221,3,MI
331,League,MI,CSK,CSK,Bowl,Wankhede Stadium,54.92,Day,Clear,Green,WLWWL,LLLLW,-1.49,1.69,-1,1,190,6,211,4,CSK
332,Playoff,CSK,MI,MI,Bowl,M.A Chidambaram Stadium,63.07,Night,Humid,Green,WWLWL,WLLLW,-1.42,1.33,-1,1,186,6,198,7,MI
333,League,CSK,MI,MI,Bowl,M.A Chidambaram Stadium,52.46,Night,Clear,Green,WWLLW,WWLWW,-0.23,-0.12,1,2,181,7,204,3,MI
334,League,CSK,MI,CSK,Bowl,M.A Chidambaram Stadium,60.05,Night,Clear,Dry,WWLLW,LLWLL,0,2.49,1,-2,158,6,172,2,MI
335,Playoff,CSK,MI,MI,Bat,M.A Chidambaram Stadium,61.79,Night,Humid,Dry,WWWWW,LLWLL,-0.52,-0.39,5,-2,216,5,226,7,MI
336,League,MI,CSK,CSK,Bowl,Wankhede Stadium,53.21,Day,Humid,Green,LLWWL,WWLWL,-0.25,0.15,-1,-1,191,3,175,6,MI
337,League,MI,CSK,CSK,Bowl,Wankhede Stadium,60.56,Night,Clear,Green,WWWLW,WLWLL,0.72,1.32,1,-2,144,9,172,4,MI
338,League,MI,CSK,CSK,Bowl,Wankhede Stadium,60.61,Night,Overcast,Green,LLLLL,LWWLW,-0.06,-0.37,-5,1,212,3,206,9,CSK
339,League,CSK,MI,CSK,Bowl,M.A Chidambaram Stadium,56.14,Day,Overcast,Green,LWWLW,WWWWW,1.63,-0.54,1,5,193,6,167,9,MI
340,League,CSK,MI,MI,Bat,M.A Chidambaram Stadium,66,Night,Overcast,Dry,LLWWW,WWLLW,0.25,0.57,3,1,143,3,127,9,MI
341,League,MI,CSK,CSK,Bat,Wankhede Stadium,52.54,Day,Humid,Green,LLLLW,WWWLL,0.09,2.32,1,-2,174,5,200,7,MI
342,League,CSK,MI,CSK,Bowl,M.A Chidambaram Stadium,55.06,Day,Humid,Green,WWWLL,WWWLW,0.87,-0.25,-2,1,213,5,188,6,CSK
343,League,MI,CSK,MI,Bat,Wankhede Stadium,63.03,Night,Clear,Dry,LLWLW,LLWLW,-0.21,2.4,1,1,204,7,222,3,CSK
344,League,CSK,MI,CSK,Bowl,M.A Chidambaram Stadium,62.51,Day,Clear,Dry,WWWWL,WWLWL,-0.14,0.45,-1,-1,215,5,201,6,CSK
345,League,CSK,MI,MI,Bowl,M.A Chidambaram Stadium,42.85,Day,Cloudy,Green,WLWWW,WWWWL,1.89,1.63,3,-1,194,8,172,9,MI
346,League,MI,CSK,CSK,Bowl,Wankhede Stadium,59.59,Night,Humid,Dry,LWWLL,WLWWL,1.39,0.21,-2,-1,200,2,185,9,CSK
347,League,MI,CSK,MI,Bat,Wankhede Stadium,66.29,Night,Clear,Green,WLLWW,LLWLL,-0.26,-0.36,2,-2,211,5,217,7,CSK
348,League,MI,CSK,MI,Bat,Wankhede Stadium,65.7,Night,Overcast,Green,WLLWL,LWLWL,-0.03,-0.93,-1,-1,181,7,174,5,MI
349,League,CSK,MI,CSK,Bat,M.A Chidambaram Stadium,59.24,Night,Overcast,Green,LWLWL,LWWWW,-0.22,-0.05,-1,4,164,2,159,5,CSK
350,League,CSK,MI,MI,Bowl,M.A Chidambaram Stadium,69.59,Day,Overcast,Dry,LWWWL,LLLLW,-0.57,2.21,-1,1,177,7,201,6,CSK
351,League,MI,CSK,CSK,Bat,Wankhede Stadium,69.55,Day,Humid,Green,WLWWL,LLLLW,-0.99,2.13,-1,1,171,5,178,2,CSK
352,Playoff,CSK,MI,CSK,Bat,M.A Chidambaram Stadium,66.04,Night,Clear,Green,LLLWW,WLLLW,1.83,0.41,2,1,210,6,184,9,MI
353,League,MI,CSK,MI,Bat,Wankhede Stadium,50.85,Day,Overcast,Green,WLWLL,WWWWL,-1.05,1.78,-2,-1,189,8,199,3,CSK
354,League,CSK,MI,MI,Bat,M.A Chidambaram Stadium,54.36,Night,Overcast,Dry,LWLLL,LWLWW,-1.2,1.76,-3,2,181,7,195,6,MI
355,Finals,MI,CSK,MI,Bowl,Wankhede Stadium,64.84,Day,Humid,Green,WWLLL,LWLLW,0.95,-0.47,-3,1,170,7,142,9,MI
356,League,CSK,MI,MI,Bat,M.A Chidambaram Stadium,68.6,Day,Clear,Green,WWLWW,LLLWL,1.1,0.06,2,-1,157,3,128,8,MI
357,League,MI,CSK,MI,Bat,Wankhede Stadium,60.94,Day,Overcast,Green,LLLWL,LWWLW,1.04,0.87,-1,1,160,6,152,5,MI
358,League,CSK,MI,CSK,Bowl,M.A Chidambaram Stadium,50.1,Night,Humid,Green,LLLWW,LLWWL,-0.86,0.92,2,-1,141,6,155,2,MI
359,League,CSK,MI,CSK,Bowl,M.A Chidambaram Stadium,64.41,Night,Clear,Green,WLWWW,WWLWL,1.89,-0.4,3,-1,186,3,172,8,CSK
360,League,CSK,MI,CSK,Bowl,M.A Chidambaram Stadium,53.9,Night,Clear,Green,WLWLL,LLWLW,1.39,-0.94,-2,1,142,3,121,9,MI
361,League,MI,CSK,MI,Bat,Wankhede Stadium,50.53,Day,Clear,Green,WLLWL,LLLWL,2.29,0.35,-1,-1,148,5,139,6,MI
362,League,MI,CSK,CSK,Bowl,Wankhede Stadium,64.73,Night,Clear,Green,LWLWL,LLLLW,0.19,0.17,-1,1,192,9,218,4,MI
363,League,CSK,MI,MI,Bat,M.A Chidambaram Stadium,56.68,Night,Clear,Green,LWLWL,LWLLL,0.27,-0.45,-1,-3,213,5,205,7,CSK
364,League,CSK,MI,CSK,Bowl,M.A Chidambaram Stadium,64.89,Night,Humid,Green,LLLWW,WWWWL,0.58,-0.26,2,-1,206,8,233,4,CSK
365,League,MI,CSK,CSK,Bowl,Wankhede Stadium,68.23,Night,Overcast,Dry,WLLWL,WWLWL,-0.37,0.4,-1,-1,201,7,215,3,CSK
366,League,MI,CSK,MI,Bowl,Wankhede Stadium,66.71,Night,Clear,Green,LLLLL,LLWWW,2.26,0.41,-5,3,182,3,167,5,MI
367,Playoff,CSK,MI,CSK,Bowl,M.A Chidambaram Stadium,58.28,Day,Humid,Dry,WWLLL,LWLLW,0.18,0.72,-3,1,172,6,153,6,MI
368,League,MI,CSK,CSK,Bat,Wankhede Stadium,66.42,Day,Clear,Dry,WLLLW,LLLLL,-0.01,-0.37,1,-5,212,8,238,3,MI
369,League,MI,CSK,CSK,Bowl,Wankhede Stadium,52.94,Night,Overcast,Green,WWWWL,LWLWL,2.42,0.93,-1,-1,174,2,151,9,CSK
370,League,MI,CSK,CSK,Bat,Wankhede Stadium,68.16,Night,Humid,Green,WLWLL,LLLWW,2.32,0.07,-2,2,157,4,147,5,CSK
371,League,MI,CSK,MI,Bowl,Wankhede Stadium,64.59,Night,Overcast,Green,LWLLL,LWWWL,-0.44,0.33,-3,-1,141,5,151,3,CSK
372,League,CSK,MI,CSK,Bat,M.A Chidambaram Stadium,65.24,Day,Overcast,Green,WWWLW,WLLWL,-1.01,2.45,1,-1,146,5,171,4,CSK
373,Finals,MI,CSK,CSK,Bat,Wankhede Stadium,67.01,Night,Clear,Green,LLLLW,LWWLL,2.07,-1.14,1,-2,206,6,189,7,MI
374,League,MI,CSK,CSK,Bat,Wankhede Stadium,54.09,Night,Clear,Green,LWLWW,LLWLL,-0.85,1.15,2,-2,166,8,189,5,CSK
375,League,MI,CSK,MI,Bowl,Wankhede Stadium,54.22,Day,Clear,Green,LLLWL,LLWLL,0.92,-0.59,-1,-2,182,7,171,5,CSK
376,League,MI,CSK,MI,Bowl,Wankhede Stadium,61.62,Night,Humid,Dry,LLWLW,WWLWW,-0.9,0.59,1,2,175,7,204,5,CSK
377,League,CSK,MI,MI,Bowl,M.A Chidambaram Stadium,64.13,Day,Humid,Dry,WWLWW,WLLWW,0.67,0.93,2,2,154,5,175,2,CSK
378,League,CSK,MI,MI,Bat,M.A Chidambaram Stadium,51.06,Night,Overcast,Green,WLWLW,WWLLL,2.45,0.81,1,-3,180,2,151,8,MI
379,League,CSK,MI,CSK,Bowl,M.A Chidambaram Stadium,59.48,Night,Clear,Green,LLWWL,LLWLL,0.91,-0.29,-1,-2,142,5,152,3,MI
380,League,CSK,MI,MI,Bat,M.A Chidambaram Stadium,55.92,Night,Humid,Green,WLLWW,LWLWW,0.02,-0.16,2,2,147,4,132,8,CSK
381,League,MI,CSK,CSK,Bat,Wankhede Stadium,55.12,Night,Humid,Green,WWLWL,WWWWW,0.05,1.46,-1,5,196,8,205,2,CSK
382,Playoff,MI,CSK,CSK,Bat,Wankhede Stadium,69.97,Day,Humid,Green,WWWLW,LLLLW,-0.1,-0.54,1,1,160,5,137,9,CSK
383,League,MI,CSK,CSK,Bowl,Wankhede Stadium,63.62,Night,Humid,Green,WWWWW,WLWWL,-1.23,1.16,5,-1,179,5,187,5,CSK
384,League,CSK,MI,MI,Bowl,M.A Chidambaram Stadium,57.76,Night,Humid,Green,WLWLL,WWWWW,-0.85,2.43,-2,5,162,8,178,7,CSK
385,Finals,CSK,MI,MI,Bowl,M.A Chidambaram Stadium,59.68,Day,Overcast,Green,LLLLL,WLWLL,0.52,-0.87,-5,-2,175,7,164,7,CSK
386,Playoff,MI,CSK,CSK,Bowl,Wankhede Stadium,67.67,Day,Humid,Green,LWWLL,WWLWW,0.38,0.12,-2,2,207,6,219,6,CSK
387,Playoff,MI,CSK,MI,Bowl,Wankhede Stadium,58.23,Night,Overcast,Green,WLLWW,WLWLW,-1.33,2.39,2,1,219,6,237,6,CSK
388,League,CSK,MI,MI,Bat,M.A Chidambaram Stadium,62.41,Day,Clear,Dry,WLLWL,WLLWL,-0.02,1.41,-1,-1,150,5,156,3,MI
389,League,CSK,MI,CSK,Bowl,M.A Chidambaram Stadium,51.28,Day,Humid,Green,LWWWL,WLWWL,0.67,-0.84,-1,-1,141,5,121,9,MI
390,League,MI,CSK,CSK,Bat,Wankhede Stadium,59.14,Day,Overcast,Green,LWWWW,WLLLW,1.53,0.19,4,1,175,6,167,6,CSK
391,League,CSK,MI,MI,Bowl,M.A Chidambaram Stadium,53.15,Day,Clear,Green,LWWWL,LWLWW,0.65,0.03,-1,2,163,4,138,8,CSK
392,League,MI,CSK,MI,Bat,Wankhede Stadium,68.32,Night,Clear,Dry,WWLLL,WLWWL,-1.29,1.49,-3,-1,155,7,161,2,CSK
393,League,MI,CSK,MI,Bat,Wankhede Stadium,66.77,Night,Humid,Dry,LWWWW,LLWLW,-0.18,2.01,4,1,183,8,212,3,MI
394,League,CSK,MI,MI,Bowl,M.A Chidambaram Stadium,51.43,Night,Humid,Dry,WLWWW,LWLLL,-1.24,1.11,3,-3,198,8,225,6,CSK
395,League,MI,CSK,MI,Bowl,Wankhede Stadium,53.59,Night,Clear,Dry,LWWWW,LLLLL,0.19,-0.17,4,-5,210,9,238,5,CSK
396,League,MI,CSK,CSK,Bowl,Wankhede Stadium,53.66,Night,Clear,Green,LWWWW,WWWWW,-0.1,0.26,4,5,198,3,192,9,CSK
397,League,CSK,MI,MI,Bowl,M.A Chidambaram Stadium,62.33,Night,Humid,Dry,WWLWW,WWLWW,1.2,-0.75,2,2,147,2,133,6,MI
398,Playoff,CSK,MI,CSK,Bat,M.A Chidambaram Stadium,58,Day,Overcast,Green,LLWLW,LWWLW,1.03,-0.99,1,1,194,6,178,7,MI
399,League,MI,CSK,CSK,Bowl,Wankhede Stadium,61.16,Night,Humid,Green,LWLWW,WLLLW,2.44,-0.92,2,1,143,2,120,7,MI
400,League,CSK,MI,MI,Bat,M.A Chidambaram Stadium,66.66,Day,Humid,Green,WWLLL,LWWWL,0.46,-1.36,-3,-1,196,6,168,9,MI
401,League,CSK,MI,CSK,Bowl,M.A Chidambaram Stadium,68.5,Night,Overcast,Dry,WWWLL,LLWLL,0.7,-0.49,-2,-2,212,9,232,4,CSK
402,League,MI,CSK,CSK,Bat,Wankhede Stadium,59.26,Night,Overcast,Green,WLLLL,WWWLL,-0.22,0.83,-4,-2,168,8,189,7,MI
403,League,MI,CSK,MI,Bat,Wankhede Stadium,60.18,Day,Clear,Green,LLLWW,LLLLL,2.36,-0.79,2,-5,144,5,138,7,CSK
404,Playoff,MI,CSK,MI,Bat,Wankhede Stadium,61.91,Day,Overcast,Green,LLWWW,WLWWL,2.2,-1.46,3,-1,153,2,125,9,MI
405,League,CSK,MI,MI,Bat,M.A Chidambaram Stadium,50.54,Day,Humid,Dry,WWLLW,WLWWL,-0.21,2.36,1,-1,212,6,236,3,MI
406,League,CSK,MI,CSK,Bowl,M.A Chidambaram Stadium,57.34,Night,Overcast,Green,WLLWW,WWLWL,2.14,-1.32,2,-1,149,7,133,9,CSK
407,League,CSK,MI,MI,Bat,M.A Chidambaram Stadium,56.37,Night,Humid,Green,LWLLW,LWWLL,2.4,-0.56,1,-2,140,3,129,9,CSK
408,Playoff,MI,CSK,CSK,Bat,Wankhede Stadium,57.72,Day,Overcast,Green,LLWLL,LLWLL,0.42,-1.46,-2,-2,167,2,157,5,CSK
409,League,CSK,MI,CSK,Bat,M.A Chidambaram Stadium,60.9,Day,Humid,Dry,LWWLL,WWWWL,0.33,0.54,-2,-1,198,7,204,5,MI
410,Finals,CSK,MI,MI,Bowl,M.A Chidambaram Stadium,54.99,Night,Clear,Dry,LWWWW,LWLLW,2.18,0.67,4,1,179,5,161,7,MI
411,League,MI,CSK,MI,Bowl,Wankhede Stadium,52.55,Day,Humid,Green,WLLLL,LLWWW,1.23,-1.48,-4,3,182,2,176,7,MI
412,League,CSK,MI,CSK,Bowl,M.A Chidambaram Stadium,59.75,Day,Clear,Green,LLLWW,WWLLL,0.02,0.52,2,-3,208,3,203,8,CSK
413,Finals,MI,CSK,MI,Bat,Wankhede Stadium,69.86,Day,Overcast,Dry,WWWLW,WWWWW,-0.7,0.63,1,5,209,7,233,7,MI
414,League,CSK,MI,CSK,Bowl,M.A Chidambaram Stadium,65.86,Day,Clear,Dry,WLWWW,WLLWW,0.71,1.73,3,2,204,7,219,5,MI
415,League,CSK,MI,CSK,Bat,M.A Chidambaram Stadium,63.14,Day,Overcast,Green,LWLWL,LWLWL,-1.09,0.04,-1,-1,166,8,186,7,CSK
416,League,CSK,MI,MI,Bat,M.A Chidambaram Stadium,69.4,Night,Clear,Green,WWLLW,LWWWL,-0.92,1.47,1,-1,144,6,150,7,MI
417,League,MI,CSK,MI,Bowl,Wankhede Stadium,68.69,Night,Clear,Green,WLWWW,WWLWL,0.49,-0.19,3,-1,200,6,208,3,CSK
418,League,MI,CSK,MI,Bowl,Wankhede Stadium,69.53,Day,Clear,Green,WWWWW,LLWWW,0.82,0.91,5,3,166,6,161,6,CSK
419,League,CSK,MI,MI,Bowl,M.A Chidambaram Stadium,54.15,Night,Humid,Green,LWLWL,WWWWL,0.2,-0.15,-1,-1,210,7,187,6,MI
420,League,MI,CSK,CSK,Bowl,Wankhede Stadium,66.51,Day,Humid,Green,LWWWW,LLLLL,-0.47,-0.07,4,-5,142,6,126,7,CSK
421,League,CSK,MI,CSK,Bowl,M.A Chidambaram Stadium,55.88,Day,Overcast,Green,WLWLL,WWWLW,0.75,0.7,-2,1,152,6,164,4,CSK
422,Finals,MI,CSK,CSK,Bowl,Wankhede Stadium,52.49,Day,Clear,Green,WLWWL,WWWLW,-0.64,-0.5,-1,1,218,7,239,5,MI
423,League,CSK,MI,MI,Bowl,M.A Chidambaram Stadium,63.82,Night,Humid,Green,WWLWL,LLWLW,0.17,0.82,-1,1,177,6,165,9,CSK
424,League,MI,CSK,CSK,Bowl,Wankhede Stadium,63.79,Night,Overcast,Green,WWLWW,WWLWW,0.63,1.2,2,2,191,8,201,4,CSK
425,League,MI,CSK,CSK,Bowl,Wankhede Stadium,62.46,Day,Humid,Green,WLLWW,WWLLL,-0.95,0.51,2,-3,218,6,246,2,CSK
426,League,CSK,MI,CSK,Bowl,M.A Chidambaram Stadium,51.45,Day,Clear,Green,WWLLW,LLLWL,0.72,-1.41,1,-1,190,2,185,8,CSK
427,League,MI,CSK,MI,Bat,Wankhede Stadium,55.93,Night,Overcast,Green,WLLWW,LLLWW,-1.47,0.3,2,2,155,8,171,3,MI
428,League,MI,CSK,CSK,Bat,Wankhede Stadium,58.53,Day,Clear,Green,WWWWL,WWWWW,2.95,2.67,-1,5,144,9,196,8,MI
429,League,CSK,MI,CSK,Bowl,M.A Chidambaram Stadium,61.4,Night,Humid,Green,WWWWW,WWWWL,0.24,0.83,5,-1,150,5,122,7,CSK
430,League,MI,CSK,MI,Bowl,Wankhede Stadium,64.3,Night,Overcast,Green,WLWWW,LLWLW,1.66,-1.42,3,1,215,5,187,5,MI
431,League,MI,CSK,CSK,Bowl,Wankhede Stadium,61.25,Day,Clear,Green,LLWWW,WWLWL,0.49,0.5,3,-1,141,6,146,3,CSK
432,League,MI,CSK,MI,Bowl,Wankhede Stadium,55.32,Night,Humid,Green,LWLWW,LLWLL,0.15,0.34,2,-2,200,5,219,7,CSK
433,League,MI,CSK,MI,Bat,Wankhede Stadium,65.27,Day,Humid,Green,LWWWL,WWLWW,0.95,1.64,-1,2,202,5,213,7,CSK
434,League,CSK,MI,MI,Bowl,M.A Chidambaram Stadium,52.76,Night,Clear,Green,LWWWL,LLWLW,-0.2,-1.02,-1,1,206,7,196,9,CSK
435,League,CSK,MI,CSK,Bat,M.A Chidambaram Stadium,61.44,Night,Clear,Dry,LLLWW,WWLLW,2.23,-0.72,2,1,188,2,159,7,MI
436,League,MI,CSK,MI,Bat,Wankhede Stadium,52.22,Night,Overcast,Green,WLLLW,LWWWW,1.82,-0.26,1,4,164,7,135,8,MI
437,League,CSK,MI,CSK,Bat,M.A Chidambaram Stadium,61.29,Night,Humid,Green,LLWWW,WWWLL,-0.78,2.35,3,-2,198,6,207,6,CSK
438,League,CSK,MI,CSK,Bat,M.A Chidambaram Stadium,55.88,Night,Clear,Dry,LWWLL,LWLLL,0.8,0.56,-2,-3,162,7,136,9,CSK
439,League,CSK,MI,MI,Bat,M.A Chidambaram Stadium,55.37,Night,Clear,Dry,LLWWW,LLWLL,0.4,1.44,3,-2,184,9,205,6,CSK
440,Playoff,CSK,MI,MI,Bat,M.A Chidambaram Stadium,51.91,Night,Clear,Dry,WWLLW,WWWLL,-0.42,0.75,1,-2,158,7,186,6,CSK
441,League,MI,CSK,CSK,Bat,Wankhede Stadium,53.04,Day,Overcast,Green,WLWLW,LLLWL,0.82,1.17,1,-1,159,6,176,4,MI
442,Playoff,CSK,MI,MI,Bowl,M.A Chidambaram Stadium,57.34,Night,Overcast,Green,WWWWL,WLWLW,0.65,-0.12,-1,1,207,2,187,5,MI
443,League,CSK,MI,MI,Bowl,M.A Chidambaram Stadium,65.97,Day,Overcast,Green,WLWLL,WWWWL,0.81,-1.34,-2,-1,162,7,154,8,CSK
444,League,CSK,MI,CSK,Bat,M.A Chidambaram Stadium,65.09,Day,Overcast,Green,WWLLL,WLWWW,0.22,0.11,-3,3,205,7,197,8,MI
445,League,CSK,MI,MI,Bowl,M.A Chidambaram Stadium,65.45,Night,Cloudy,Green,WWLWW,WWWWW,2.76,2.49,2,5,154,5,176,4,MI
446,League,CSK,MI,MI,Bat,M.A Chidambaram Stadium,51.58,Day,Overcast,Green,WLLLW,WLLLW,1.04,0.77,1,1,150,5,132,6,CSK
447,Playoff,MI,CSK,MI,Bat,Wankhede Stadium,55.62,Day,Clear,Green,LWWLW,WWLLL,-1.18,0.28,1,-3,219,6,234,2,CSK
448,League,CSK,MI,CSK,Bat,M.A Chidambaram Stadium,59.72,Night,Clear,Dry,WWWWW,WLWWW,-1.03,0.26,5,3,174,8,182,6,CSK
449,League,MI,CSK,MI,Bowl,Wankhede Stadium,58.14,Day,Humid,Dry,WLLLW,WWLLL,0.86,-0.52,1,-3,192,2,169,7,CSK
450,League,CSK,MI,CSK,Bat,M.A Chidambaram Stadium,68.46,Day,Humid,Dry,LWWWW,WLWLL,0.75,1.66,4,-2,154,9,171,6,CSK
451,League,CSK,MI,MI,Bat,M.A Chidambaram Stadium,55.91,Day,Humid,Green,LLLLL,WWLWL,0.22,0,-5,-1,195,6,176,5,CSK
452,Finals,CSK,MI,CSK,Bat,M.A Chidambaram Stadium,61.69,Day,Clear,Dry,LLWWL,LWLLW,1.56,0.88,-1,1,184,3,155,9,CSK
453,Playoff,CSK,MI,CSK,Bat,M.A Chidambaram Stadium,60.24,Day,Overcast,Dry,WWWWW,LWLWL,2.25,0.77,5,-1,214,5,198,9,MI
454,League,MI,CSK,MI,Bowl,Wankhede Stadium,66.35,Day,Clear,Green,LWWWL,LLWWL,0.6,-0.54,-1,-1,204,2,195,7,MI
455,League,MI,CSK,CSK,Bowl,Wankhede Stadium,51.21,Day,Humid,Green,LLLWL,LLLWL,0.43,1.53,-1,-1,179,6,204,4,CSK
456,League,MI,CSK,MI,Bat,Wankhede Stadium,61.63,Night,Humid,Green,LLLLL,LLLLL,2.49,-0.99,-5,-5,156,7,142,6,MI
457,League,MI,CSK,MI,Bat,Wankhede Stadium,63.55,Night,Humid,Green,WWWLL,LLLLW,-0.08,1.12,-2,1,168,6,193,4,MI
458,League,CSK,MI,CSK,Bowl,M.A Chidambaram Stadium,64.67,Night,Overcast,Dry,WLLLW,LWWLL,-0.5,1.95,1,-2,174,5,199,4,CSK
459,League,CSK,MI,CSK,Bowl,M.A Chidambaram Stadium,60.78,Night,Humid,Green,LLWWW,LLWWW,-0.04,-1.11,3,3,159,2,143,8,CSK
460,Finals,CSK,MI,CSK,Bowl,M.A Chidambaram Stadium,53.83,Day,Overcast,Dry,LLWLL,WLLWW,0.78,-0.07,-2,2,205,6,199,9,MI
461,League,MI,CSK,CSK,Bowl,Wankhede Stadium,62.4,Night,Humid,Green,LWLWW,LLWLW,-0.31,2.3,2,1,215,6,226,7,CSK
462,League,MI,CSK,CSK,Bat,Wankhede Stadium,51.12,Day,Clear,Dry,WWWWW,WLLLW,0.13,0.61,5,1,177,6,172,7,MI
463,League,MI,CSK,MI,Bowl,Wankhede Stadium,54.65,Night,Clear,Green,WWWLL,LLLLL,-0.13,-0.45,-2,-5,207,3,187,6,CSK
464,League,MI,CSK,MI,Bat,Wankhede Stadium,59.01,Day,Humid,Dry,WWWLW,WLLLW,0.14,0.52,1,1,178,8,188,5,CSK
465,Playoff,CSK,MI,MI,Bat,M.A Chidambaram Stadium,64.53,Night,Humid,Green,LWLLL,LLWWW,0,0.74,-3,3,185,2,169,8,CSK
466,League,MI,CSK,CSK,Bat,Wankhede Stadium,59.87,Day,Clear,Dry,LLLWL,LLWWW,-0.2,0.94,-1,3,205,4,176,7,CSK
467,League,MI,CSK,MI,Bat,Wankhede Stadium,60.92,Night,Humid,Green,LWLLL,LLLLW,-1.36,1.32,-3,1,200,5,216,4,MI
468,League,CSK,MI,CSK,Bowl,M.A Chidambaram Stadium,50.5,Night,Overcast,Green,LLWWL,LLLLL,0.08,-1.06,-1,-5,205,2,194,5,MI
469,League,CSK,MI,MI,Bowl,M.A Chidambaram Stadium,50.55,Night,Humid,Green,LWWLL,LWWLW,0.74,-0.7,-2,1,159,6,134,5,CSK
470,League,MI,CSK,CSK,Bowl,Wankhede Stadium,56.13,Day,Overcast,Green,LWLWL,WWLWL,-0.08,1.51,-1,-1,153,5,174,2,CSK
471,Playoff,CSK,MI,MI,Bat,M.A Chidambaram Stadium,54.04,Night,Overcast,Green,WLLLW,LLLLL,0.43,-0.5,1,-5,186,5,157,5,MI
472,League,CSK,MI,CSK,Bat,M.A Chidambaram Stadium,57.08,Day,Clear,Green,LLLWL,WWLWW,2.36,0.02,-1,2,180,7,172,9,CSK
473,League,MI,CSK,MI,Bowl,Wankhede Stadium,63.31,Day,Humid,Green,LLWLL,LWLLW,0.67,2.25,-2,1,142,5,165,5,MI
474,League,MI,CSK,CSK,Bowl,Wankhede Stadium,59.4,Night,Clear,Green,WLWWW,WWLWW,-0.21,-0.89,3,2,202,5,178,5,MI
475,League,MI,CSK,CSK,Bowl,Wankhede Stadium,62.12,Day,Overcast,Green,LLWLL,WLWWL,2.12,-1.06,-2,-1,160,4,141,5,CSK
476,Playoff,CSK,MI,CSK,Bowl,M.A Chidambaram Stadium,53.77,Day,Humid,Dry,WLWWL,LWLWW,0.29,-1.02,-1,2,173,3,168,9,MI
477,League,MI,CSK,MI,Bowl,Wankhede Stadium,57.14,Day,Humid,Green,LWLLL,WWWLW,0.28,0.01,-3,1,156,9,180,5,MI
478,League,CSK,MI,CSK,Bowl,M.A Chidambaram Stadium,69.83,Day,Humid,Green,WLLLW,LWWWW,0.56,-0.33,1,4,166,5,187,2,MI
479,Playoff,MI,CSK,CSK,Bowl,Wankhede Stadium,68.8,Day,Clear,Green,WWLLW,LLWLW,0.07,1.81,1,1,200,6,211,4,MI
480,League,CSK,MI,MI,Bat,M.A Chidambaram Stadium,71.21,Night,Rainy,Dry,WWLWW,WWWWL,1.83,2.55,2,-1,136,9,163,9,CSK
481,League,CSK,MI,MI,Bowl,M.A Chidambaram Stadium,62.71,Night,Humid,Dry,WLLWW,LWLWL,0.26,-1.35,2,-1,153,5,143,6,MI
482,League,CSK,MI,MI,Bat,M.A Chidambaram Stadium,56.72,Night,Clear,Green,LWWWW,WWLWL,-0.15,1.64,4,-1,150,8,179,4,MI
483,League,MI,CSK,CSK,Bowl,Wankhede Stadium,53.63,Day,Humid,Green,LWLLL,LLWWL,1.54,0.29,-3,-1,211,4,195,6,CSK
484,League,MI,CSK,CSK,Bowl,Wankhede Stadium,63.47,Day,Clear,Green,WLWLW,WWLLL,-1.47,1.92,1,-3,143,8,154,3,CSK
485,League,MI,CSK,MI,Bowl,Wankhede Stadium,66.05,Day,Humid,Dry,LWLLW,WWWWW,-1.27,-0.04,1,5,167,5,181,7,CSK
486,Finals,CSK,MI,CSK,Bat,M.A Chidambaram Stadium,62.49,Night,Clear,Green,WWWWW,WLLWW,1.73,-0.85,5,2,146,2,123,8,MI
487,League,CSK,MI,MI,Bat,M.A Chidambaram Stadium,65.34,Day,Overcast,Dry,WLWLL,WLWWW,0.15,0.28,-2,3,174,7,190,7,CSK
488,League,CSK,MI,MI,Bat,M.A Chidambaram Stadium,55.88,Day,Overcast,Dry,WLLWW,WWLWW,0.59,-1.44,2,2,214,4,200,6,CSK
489,League,MI,CSK,MI,Bat,Wankhede Stadium,50.08,Day,Humid,Green,WLWLW,LWLLW,0.94,-0.39,1,1,170,6,143,9,MI
490,League,CSK,MI,MI,Bowl,M.A Chidambaram Stadium,51.58,Night,Humid,Green,WWLLW,LWWLL,1.95,-0.06,1,-2,176,5,166,8,MI
491,League,CSK,MI,MI,Bat,M.A Chidambaram Stadium,66.15,Day,Humid,Green,LWLWW,WLLLW,1.27,0.56,2,1,149,4,124,9,CSK
492,League,MI,CSK,MI,Bat,Wankhede Stadium,58.05,Day,Clear,Green,WLWLL,WLWLL,-1.15,1.45,-2,-2,192,7,208,5,CSK
493,League,CSK,MI,MI,Bat,M.A Chidambaram Stadium,66.51,Day,Clear,Dry,LWWWL,WWWLL,0.48,-0.83,-1,-2,208,7,195,7,MI
494,League,CSK,MI,CSK,Bowl,M.A Chidambaram Stadium,52.16,Day,Humid,Green,LWWWW,WLWLL,-0.21,0.19,4,-2,144,4,135,7,MI
495,League,MI,CSK,CSK,Bat,Wankhede Stadium,52,Night,Humid,Green,WWWLW,LLLWL,0.28,2.24,1,-1,199,5,222,2,MI
496,Finals,MI,CSK,MI,Bat,Wankhede Stadium,50.79,Day,Clear,Green,WLLLW,LWWLW,0.85,0.17,1,1,185,3,160,5,MI
497,Finals,MI,CSK,MI,Bat,Wankhede Stadium,57.73,Night,Humid,Dry,LWWWW,WLWLL,-0.54,1.1,4,-2,190,7,207,5,MI
498,League,CSK,MI,MI,Bat,M.A Chidambaram Stadium,58.84,Night,Humid,Green,WWLWW,WWWWW,0.25,-1.09,2,5,172,6,156,6,CSK
499,Playoff,CSK,MI,MI,Bowl,M.A Chidambaram Stadium,51.29,Day,Overcast,Green,WWLWL,LWLLW,0.57,-0.53,-1,1,217,7,192,6,CSK
500,Playoff,MI,CSK,CSK,Bat,Wankhede Stadium,62.93,Night,Overcast,Dry,WWLWW,WLLWW,0.03,-0.9,2,2,171,7,149,8,MI
501,League,MI,CSK,CSK,Bowl,Wankhede Stadium,56,Night,Overcast,Dry,LLWWL,WLLWW,-1.17,1.03,-1,2,201,6,230,4,CSK
502,League,MI,CSK,MI,Bowl,Wankhede Stadium,53.89,Day,Overcast,Green,WLLLL,LLLWW,-0.72,1.37,-4,2,142,5,170,2,CSK
503,League,CSK,MI,MI,Bat,M.A Chidambaram Stadium,55.39,Day,Humid,Green,LWWWL,WLWWL,0.16,0.11,-1,-1,145,6,125,6,MI
504,Finals,MI,CSK,CSK,Bowl,Wankhede Stadium,52.71,Day,Overcast,Green,LLWLW,LLLLW,-0.14,-0.21,1,1,188,5,200,3,MI
505,Playoff,CSK,MI,MI,Bat,M.A Chidambaram Stadium,52.17,Day,Clear,Green,WWLLL,LWWWL,0.13,0.12,-3,-1,213,9,227,2,CSK
506,League,CSK,MI,MI,Bowl,M.A Chidambaram Stadium,52.73,Night,Humid,Dry,WLLWL,LLWWL,0.44,2.14,-1,-1,214,6,226,6,MI
507,Finals,CSK,MI,CSK,Bowl,M.A Chidambaram Stadium,65.24,Day,Humid,Green,WLWWW,LWLWL,0.01,-0.1,3,-1,152,6,160,4,MI
508,League,CSK,MI,CSK,Bat,M.A Chidambaram Stadium,54.12,Day,Clear,Green,WWWLW,LLLWL,0.29,2.18,1,-1,199,9,205,4,MI
509,League,MI,CSK,CSK,Bat,Wankhede Stadium,60,Day,Humid,Dry,LLWLW,WWLLW,-1.05,0.63,1,1,212,6,224,4,CSK
510,League,MI,CSK,MI,Bat,Wankhede Stadium,56.76,Day,Overcast,Green,LWLWW,LLLLL,0.83,-0.7,2,-5,146,6,129,9,MI
511,Playoff,CSK,MI,CSK,Bowl,M.A Chidambaram Stadium,55.54,Night,Clear,Green,WWLLW,WWLLW,-1.48,-0.09,1,1,168,7,189,6,MI
512,Finals,CSK,MI,MI,Bowl,M.A Chidambaram Stadium,50.7,Night,Overcast,Green,WLLLW,LWLLW,-0.3,0.69,1,1,183,8,193,6,MI
513,League,MI,CSK,CSK,Bowl,Wankhede Stadium,60.38,Day,Overcast,Green,WLWLL,LWLLL,-1.04,0.64,-2,-3,164,6,179,4,CSK
514,Finals,MI,CSK,MI,Bat,Wankhede Stadium,56.02,Night,Overcast,Green,LLWWL,WLLWW,1.07,-0.61,-1,2,160,7,135,8,MI
515,League,MI,CSK,CSK,Bowl,Wankhede Stadium,55.12,Night,Overcast,Green,LWWWW,WWWLL,0.68,1.85,4,-2,152,7,178,6,CSK
516,League,CSK,MI,MI,Bowl,M.A Chidambaram Stadium,56.74,Night,Overcast,Dry,WWWLL,LLWWL,0.12,0.21,-2,-1,154,5,133,6,CSK
517,League,MI,CSK,MI,Bowl,Wankhede Stadium,64.96,Day,Humid,Green,WLLWW,WWLWL,0.3,-0.04,2,-1,216,3,201,9,CSK
518,League,MI,CSK,MI,Bat,Wankhede Stadium,52.06,Day,Overcast,Dry,LWWLW,LWLWW,-0.08,2.4,1,2,161,9,176,6,MI
519,Finals,MI,CSK,MI,Bowl,Wankhede Stadium,61.71,Day,Clear,Dry,WLLWL,LLWWL,0.05,-0.38,-1,-1,144,5,165,4,MI
520,Playoff,MI,CSK,CSK,Bowl,Wankhede Stadium,56.18,Night,Humid,Dry,WLLLL,WLWLL,0.52,0.71,-4,-2,186,5,214,6,MI
521,League,CSK,MI,CSK,Bowl,M.A Chidambaram Stadium,59.39,Night,Clear,Green,WLWWL,LLWWW,-0.37,0.77,-1,3,141,6,170,5,MI
522,Playoff,CSK,MI,CSK,Bowl,M.A Chidambaram Stadium,58.13,Night,Overcast,Dry,LLLWW,LWLWW,0.31,0.33,2,2,219,7,201,6,MI
523,League,MI,CSK,CSK,Bat,Wankhede Stadium,58.51,Night,Humid,Green,WWLWL,WLWWW,0.29,-0.88,-1,3,167,7,152,9,MI
524,Finals,MI,CSK,MI,Bowl,Wankhede Stadium,62.61,Night,Overcast,Green,WWLWL,WLWLL,0.45,0.59,-1,-2,187,8,213,5,MI
525,Playoff,MI,CSK,MI,Bat,Wankhede Stadium,64.29,Day,Humid,Dry,LLLWW,WLWWW,-1.37,0.39,2,3,219,9,247,2,MI
526,Finals,MI,CSK,MI,Bowl,Wankhede Stadium,65.84,Day,Clear,Green,LLWLW,WWLLW,-0.65,1.06,1,1,161,8,170,4,MI
527,League,MI,CSK,MI,Bowl,Wankhede Stadium,50.17,Night,Humid,Green,WWWWW,LWWWL,0,0.15,5,-1,148,4,125,5,CSK
528,Playoff,CSK,MI,MI,Bat,M.A Chidambaram Stadium,69.56,Night,Overcast,Green,WLWWW,WWLLL,-0.88,2.2,3,-3,151,8,164,3,CSK
529,Playoff,MI,CSK,CSK,Bat,Wankhede Stadium,50.27,Night,Overcast,Green,LLWWW,WLLLW,1.15,0.38,3,1,188,6,183,9,MI
530,League,CSK,MI,MI,Bowl,M.A Chidambaram Stadium,51.91,Night,Clear,Dry,LWLWL,WLWLL,1.59,0.61,-1,-2,162,7,142,6,MI
531,League,MI,CSK,CSK,Bat,Wankhede Stadium,64.23,Day,Humid,Green,WLWLL,LWLLL,0.07,0.8,-2,-3,151,4,142,8,CSK
532,League,CSK,MI,CSK,Bowl,M.A Chidambaram Stadium,62.19,Night,Clear,Green,WLWLW,WWLWW,-0.32,-0.01,1,2,211,6,184,7,CSK
533,League,MI,CSK,MI,Bowl,Wankhede Stadium,61.47,Day,Humid,Green,LWLLW,WWWWL,-0.06,2.44,1,-1,219,6,225,2,MI
534,League,MI,CSK,MI,Bat,Wankhede Stadium,54.81,Night,Humid,Green,LWLWL,WWWWL,0,2.26,-1,-1,197,9,224,3,CSK
535,League,CSK,MI,CSK,Bat,M.A Chidambaram Stadium,56.37,Day,Clear,Green,WWWLL,WWLWL,0.95,-0.52,-2,-1,173,6,155,9,CSK
536,League,MI,CSK,MI,Bowl,Wankhede Stadium,52.68,Day,Humid,Dry,LWLWL,WLLWW,-0.02,1.49,-1,2,172,7,189,6,MI
537,League,MI,CSK,CSK,Bat,Wankhede Stadium,59.56,Day,Clear,Green,WWLWW,LWLWL,-0.47,0.34,2,-1,194,7,182,8,MI
538,League,CSK,MI,MI,Bat,M.A Chidambaram Stadium,54.33,Day,Humid,Dry,WLLLL,WLLWW,-1.26,1.37,-4,2,146,9,157,5,MI
539,League,MI,CSK,CSK,Bowl,Wankhede Stadium,60.1,Night,Overcast,Green,WWLWW,LWWWL,-0.99,0.22,2,-1,182,7,195,7,CSK
540,League,MI,CSK,MI,Bat,Wankhede Stadium,69.41,Night,Overcast,Green,WLLWL,WLLLL,-0.45,-0.78,-1,-4,164,5,137,6,CSK
541,League,MI,CSK,MI,Bat,Wankhede Stadium,65.45,Night,Humid,Dry,WWLWW,WWLWW,2.26,1.6,2,2,163,9,192,5,CSK
542,League,MI,CSK,MI,Bat,Wankhede Stadium,67.69,Day,Overcast,Dry,WLWLL,LLWLW,-0.95,1.94,-2,1,181,6,199,4,MI
543,Playoff,CSK,MI,MI,Bowl,M.A Chidambaram Stadium,56.71,Night,Clear,Green,WLLWL,LWWLL,0.02,-1.47,-1,-2,195,7,187,7,MI
544,League,CSK,MI,CSK,Bowl,M.A Chidambaram Stadium,66.64,Night,Humid,Green,LLLWL,LLWWW,2.28,0.9,-1,3,195,4,178,8,MI
545,League,MI,CSK,CSK,Bowl,Wankhede Stadium,59.19,Day,Overcast,Green,LWWLW,WLWWW,0.4,0.99,1,3,218,5,205,8,CSK
546,Playoff,CSK,MI,MI,Bowl,M.A Chidambaram Stadium,50.57,Night,Humid,Green,WLWLL,LWLWL,1.79,-1.35,-2,-1,181,6,163,5,MI
547,League,MI,CSK,MI,Bat,Wankhede Stadium,50.95,Night,Humid,Dry,WLLWL,LWLWW,0.31,-0.32,-1,2,217,4,209,9,CSK
548,League,MI,CSK,CSK,Bowl,Wankhede Stadium,61.88,Day,Humid,Dry,LLWWW,WWLWL,0.46,0.57,3,-1,193,7,206,7,MI
549,League,CSK,MI,CSK,Bowl,M.A Chidambaram Stadium,65.28,Day,Clear,Dry,WWLLL,WLWWW,0.54,1.61,-3,3,207,9,227,5,CSK
550,League,MI,CSK,CSK,Bat,Wankhede Stadium,66.19,Day,Overcast,Green,WWWWL,WLWLW,1.98,-0.91,-1,1,162,5,151,7,MI
551,League,CSK,MI,MI,Bat,M.A Chidambaram Stadium,63.68,Day,Clear,Green,LLLLW,LWLLL,1.06,0.7,1,-3,152,5,132,5,MI
552,League,CSK,MI,CSK,Bat,M.A Chidambaram Stadium,57.73,Day,Overcast,Green,WWLWW,WLWLL,-0.13,-0.34,2,-2,144,9,167,2,MI
553,Playoff,MI,CSK,MI,Bat,Wankhede Stadium,63.18,Day,Humid,Dry,WLLWW,WWLLW,0.85,0.33,2,1,184,6,166,8,MI
554,League,MI,CSK,CSK,Bowl,Wankhede Stadium,69,Day,Overcast,Dry,WWWLW,LWWLW,-0.17,2.04,1,1,181,5,199,5,CSK
555,League,CSK,MI,MI,Bat,M.A Chidambaram Stadium,62.26,Day,Rainy,Green,WWLWW,WWWWW,2.78,1.78,2,5,171,4,199,5,MI
556,League,MI,CSK,MI,Bat,Wankhede Stadium,62.18,Night,Overcast,Green,WLWLW,LWWLW,-0.21,-1.31,1,1,184,3,167,5,CSK
557,League,MI,CSK,MI,Bat,Wankhede Stadium,68.72,Day,Humid,Dry,WLWLL,LWLLW,-0.15,-0.03,-2,1,200,7,193,6,CSK
558,League,CSK,MI,CSK,Bowl,M.A Chidambaram Stadium,69.38,Day,Humid,Dry,WLLWL,LWWWW,-0.49,0.41,-1,4,153,7,139,6,MI
559,League,CSK,MI,MI,Bowl,M.A Chidambaram Stadium,62.25,Night,Overcast,Dry,LLWLW,LWWWW,-0.06,-0.89,1,4,140,5,131,8,MI
560,Playoff,MI,CSK,CSK,Bat,Wankhede Stadium,60.47,Day,Humid,Dry,LWLWW,LWLLW,-0.44,-0.27,2,1,205,8,217,2,MI
561,League,CSK,MI,CSK,Bowl,M.A Chidambaram Stadium,60.43,Day,Clear,Green,WWWWW,LLWLL,-0.3,-0.88,5,-2,143,5,132,8,MI
562,Playoff,MI,CSK,CSK,Bat,Wankhede Stadium,61.97,Night,Clear,Green,LLLLL,WLLWW,0.23,0.07,-5,2,211,3,184,7,MI
563,League,CSK,MI,CSK,Bowl,M.A Chidambaram Stadium,64.69,Night,Humid,Dry,WWLLL,WWWWW,1.19,-0.56,-3,5,168,2,141,9,MI
564,League,CSK,MI,MI,Bat,M.A Chidambaram Stadium,63.5,Day,Humid,Green,WWWWL,WLLWW,1.89,-0.73,-1,2,149,3,136,7,CSK
565,League,CSK,MI,CSK,Bat,M.A Chidambaram Stadium,53.44,Night,Humid,Green,LLLWW,WWLWL,0.65,1.88,2,-1,159,8,178,2,CSK
566,League,CSK,MI,CSK,Bat,M.A Chidambaram Stadium,63.2,Day,Overcast,Green,WLWLW,WWWLL,-0.8,1.38,1,-2,186,5,203,5,MI
567,Playoff,MI,CSK,MI,Bowl,Wankhede Stadium,55.59,Night,Humid,Dry,LWLLW,WLWLW,-0.26,0.37,1,1,151,5,169,5,CSK
568,League,CSK,MI,CSK,Bat,M.A Chidambaram Stadium,63.37,Night,Overcast,Green,LWWWW,LWLLW,-0.23,-0.33,4,1,143,7,123,7,MI
569,League,CSK,MI,MI,Bowl,M.A Chidambaram Stadium,50.07,Night,Overcast,Dry,WLLWW,WWWLL,0.54,2.39,2,-2,171,5,189,6,MI
570,League,MI,CSK,MI,Bowl,Wankhede Stadium,69.88,Day,Clear,Green,WLWWW,WWLWW,-1.41,-0.45,3,2,154,8,166,4,CSK
571,League,MI,CSK,CSK,Bowl,Wankhede Stadium,51.46,Day,Clear,Dry,LWLLW,WLWLL,0.76,1.84,1,-2,190,6,213,3,CSK
572,Playoff,CSK,MI,CSK,Bat,M.A Chidambaram Stadium,54.2,Night,Overcast,Dry,WLWWW,WLWWW,1.36,-0.73,3,3,145,2,129,5,MI
573,League,CSK,MI,CSK,Bat,M.A Chidambaram Stadium,63.29,Day,Overcast,Dry,WLLLW,LLLWW,-0.69,0.94,1,2,187,7,206,6,MI
574,League,CSK,MI,MI,Bowl,M.A Chidambaram Stadium,63.58,Day,Overcast,Green,LLWLW,WWWLL,0.81,0.78,1,-2,165,2,141,5,CSK
575,Finals,MI,CSK,MI,Bowl,Wankhede Stadium,64.15,Night,Humid,Green,WWWWL,LLLLL,-1.31,-0.18,-1,-5,149,5,158,2,MI
576,League,MI,CSK,MI,Bat,Wankhede Stadium,51.73,Day,Overcast,Dry,WWWWL,WWWLL,0.19,0.82,-1,-2,212,7,189,7,MI
577,League,MI,CSK,MI,Bat,Wankhede Stadium,51.03,Day,Humid,Green,LWLWL,WLWLL,-0.45,0.63,-1,-2,211,6,193,9,CSK
578,League,CSK,MI,CSK,Bat,M.A Chidambaram Stadium,65.17,Day,Overcast,Dry,WLLWL,WWWLL,1.25,0.79,-1,-2,182,5,161,6,CSK
579,League,MI,CSK,MI,Bat,Wankhede Stadium,57.17,Day,Overcast,Green,WWWLL,WLLLW,0.53,1.83,-2,1,141,7,153,5,CSK
580,League,MI,CSK,MI,Bat,Wankhede Stadium,53.41,Day,Overcast,Green,LLLLW,LLWWW,1.11,-1.07,1,3,191,2,171,5,CSK
581,League,MI,CSK,MI,Bat,Wankhede Stadium,60.33,Day,Clear,Dry,WWLLL,LWLLW,-0.17,0.22,-3,1,199,8,210,2,CSK
582,League,MI,CSK,MI,Bat,Wankhede Stadium,69.67,Night,Clear,Green,WLWWW,LLWLW,2.33,-0.96,3,1,183,3,162,8,CSK
583,League,MI,CSK,CSK,Bowl,Wankhede Stadium,56.43,Night,Overcast,Green,WWWLL,LWLLL,0.98,-1.33,-2,-3,166,4,137,9,CSK
584,League,CSK,MI,MI,Bat,M.A Chidambaram Stadium,65.86,Night,Clear,Green,WWLWL,LWLWW,0.28,0.88,-1,2,183,7,168,5,CSK
585,League,CSK,MI,CSK,Bowl,M.A Chidambaram Stadium,63.99,Night,Humid,Green,LWLLL,LWLWW,0.31,1.41,-3,2,178,7,193,2,CSK
586,Playoff,CSK,MI,CSK,Bat,M.A Chidambaram Stadium,51.03,Night,Clear,Dry,LLWLL,LWWWL,-1.12,1.53,-2,-1,217,9,228,2,CSK
587,League,CSK,MI,MI,Bowl,M.A Chidambaram Stadium,55.77,Night,Overcast,Dry,LWWWL,WWWLW,0.53,2.32,-1,1,215,9,232,7,MI
588,Playoff,MI,CSK,MI,Bat,Wankhede Stadium,64.3,Night,Overcast,Dry,WWLLW,WLLWL,1.65,-1.13,1,-1,209,6,199,6,CSK
589,Playoff,CSK,MI,CSK,Bowl,M.A Chidambaram Stadium,54.11,Day,Clear,Green,WLLWW,WLLWW,0.84,0.51,2,2,170,6,197,5,MI
590,Playoff,CSK,MI,CSK,Bowl,M.A Chidambaram Stadium,51.43,Day,Clear,Green,LLWWL,WLWLL,1.95,-0.02,-1,-2,143,5,114,8,MI
591,League,CSK,MI,MI,Bowl,M.A Chidambaram Stadium,57.24,Night,Humid,Green,WWWLL,LWLWL,-1.29,1.81,-2,-1,211,5,225,5,MI
592,League,MI,CSK,MI,Bat,Wankhede Stadium,55.68,Day,Humid,Dry,WLWWW,WWWLW,0.64,1.26,3,1,177,9,186,6,CSK
593,League,MI,CSK,CSK,Bat,Wankhede Stadium,55.49,Day,Humid,Green,WLWWL,LWWWL,0.91,0.69,-1,-1,141,7,125,7,MI
594,Playoff,CSK,MI,MI,Bowl,M.A Chidambaram Stadium,61.56,Night,Clear,Green,LLWWL,LLWWL,0.42,0.77,-1,-1,185,6,210,3,CSK
595,League,CSK,MI,MI,Bat,M.A Chidambaram Stadium,61.95,Night,Humid,Green,WLWLW,WWWWW,0.47,2.29,1,5,198,9,220,3,CSK
596,League,MI,CSK,CSK,Bowl,Wankhede Stadium,50.8,Night,Overcast,Green,LLLWL,LLLWW,-1.4,0.52,-1,2,180,9,198,5,MI
597,Playoff,MI,CSK,MI,Bat,Wankhede Stadium,60.32,Day,Clear,Green,LLLWW,WLWLW,-1.48,0.21,2,1,181,7,205,5,CSK
598,League,CSK,MI,MI,Bowl,M.A Chidambaram Stadium,59.59,Night,Overcast,Dry,LWWWL,LWWLW,-0.3,1.25,-1,1,141,7,165,6,MI
599,Playoff,CSK,MI,CSK,Bat,M.A Chidambaram Stadium,56.35,Day,Overcast,Dry,LWLWL,LLWLW,-1.01,0.27,-1,1,173,7,202,6,MI
600,League,CSK,MI,CSK,Bat,M.A Chidambaram Stadium,64.6,Night,Clear,Green,LLWLL,WLLWL,1.98,0.52,-2,-1,191,5,185,5,MI
601,Playoff,CSK,MI,MI,Bowl,M.A Chidambaram Stadium,53.15,Day,Clear,Dry,WWLLW,WLLWL,-1.25,0.5,1,-1,153,9,165,2,MI
602,League,CSK,MI,MI,Bat,M.A Chidambaram Stadium,66.68,Day,Clear,Green,WWWWL,LWLLL,1.09,0.38,-1,-3,180,7,161,8,MI
603,Finals,CSK,MI,MI,Bat,M.A Chidambaram Stadium,55.41,Day,Overcast,Green,WWLWL,LLWWW,0.54,-0.96,-1,3,192,3,179,9,MI
604,League,MI,CSK,MI,Bowl,Wankhede Stadium,64.02,Day,Humid,Dry,LWLLW,LLWLL,0.98,0.98,1,-2,149,6,144,8,MI
605,League,MI,CSK,CSK,Bowl,Wankhede Stadium,63.71,Night,Clear,Dry,LLWWW,LLWWL,-0.88,1.38,3,-1,148,7,156,7,CSK
606,Playoff,CSK,MI,CSK,Bowl,M.A Chidambaram Stadium,53.49,Night,Humid,Dry,LWWLW,WLWLL,-1.36,1.95,1,-2,159,9,173,7,MI
607,League,MI,CSK,CSK,Bat,Wankhede Stadium,68.89,Day,Overcast,Dry,WWLLW,LLLWL,1.72,0.11,1,-1,211,3,199,9,MI
608,League,MI,CSK,MI,Bat,Wankhede Stadium,66.42,Night,Humid,Green,LWWWL,LWWWL,0.22,1.67,-1,-1,196,6,215,5,MI
609,League,MI,CSK,CSK,Bat,Wankhede Stadium,54.25,Night,Clear,Green,WWLLW,WWLWL,1.01,-1.24,1,-1,177,6,170,9,CSK
610,League,MI,CSK,CSK,Bat,Wankhede Stadium,54.96,Night,Overcast,Dry,LLLWL,WWLWL,-0.47,1.02,-1,-1,216,9,228,4,CSK
611,Playoff,MI,CSK,CSK,Bowl,Wankhede Stadium,52.82,Night,Clear,Dry,LWLWW,LLLLL,0.48,0.68,2,-5,164,5,172,5,MI
612,League,MI,CSK,CSK,Bat,Wankhede Stadium,55.03,Day,Humid,Dry,LLLLL,LWWLL,-0.21,-0.46,-5,-2,174,2,155,6,MI
613,League,CSK,MI,CSK,Bat,M.A Chidambaram Stadium,55.92,Night,Humid,Dry,LLLWW,WLLWW,1.97,0.25,2,2,206,2,185,5,CSK
614,Playoff,CSK,MI,MI,Bowl,M.A Chidambaram Stadium,69.1,Day,Overcast,Green,LLWWW,WWWWL,0.99,0.71,3,-1,170,6,188,6,MI
615,League,CSK,MI,MI,Bowl,M.A Chidambaram Stadium,56.79,Day,Clear,Green,WLWWL,LLWLW,-0.41,0.85,-1,1,185,7,203,3,CSK
616,League,CSK,MI,CSK,Bat,M.A Chidambaram Stadium,55.77,Day,Overcast,Green,WWLWL,LLLWW,-0.1,0.57,-1,2,167,3,155,7,MI
617,League,MI,CSK,CSK,Bat,Wankhede Stadium,53.4,Night,Humid,Dry,WLWWW,LLLLW,0.84,2.47,3,1,198,9,203,3,MI
618,League,CSK,MI,MI,Bat,M.A Chidambaram Stadium,62.68,Night,Humid,Dry,WWLWL,WLLWL,-0.32,-0.25,-1,-1,181,3,172,9,CSK
619,League,CSK,MI,MI,Bowl,M.A Chidambaram Stadium,59.73,Night,Clear,Green,LWLWL,WWWWW,-0.99,0.72,-1,5,200,8,220,2,MI
620,League,MI,CSK,MI,Bat,Wankhede Stadium,69.51,Night,Humid,Dry,WWWLW,LLLWL,-1.4,2.46,1,-1,195,7,217,5,CSK
621,Playoff,MI,CSK,MI,Bat,Wankhede Stadium,69.82,Night,Humid,Dry,LWLLL,WWWLL,0.57,0.17,-3,-2,185,8,202,3,CSK
622,League,MI,CSK,CSK,Bowl,Wankhede Stadium,68.46,Night,Humid,Green,WLWLW,LLLWL,2.31,-0.39,1,-1,198,7,184,7,MI
623,League,CSK,MI,MI,Bowl,M.A Chidambaram Stadium,51.35,Night,Overcast,Dry,WWLWL,LLWLW,-0.2,0.67,-1,1,176,6,149,6,CSK
624,League,CSK,MI,MI,Bowl,M.A Chidambaram Stadium,51.71,Night,Humid,Dry,LWWLW,WWWLL,0.88,0.81,1,-2,209,5,215,5,CSK
625,League,MI,CSK,MI,Bat,Wankhede Stadium,54.21,Night,Humid,Dry,LWWWW,WWLLL,0.44,0.8,4,-3,195,6,208,5,MI
626,League,MI,CSK,CSK,Bat,Wankhede Stadium,58.62,Night,Humid,Green,WLLLL,WWWWW,0.24,0.42,-4,5,148,5,126,6,MI
627,League,CSK,MI,CSK,Bat,M.A Chidambaram Stadium,64.41,Night,Clear,Green,WWWLL,WLWWW,1.81,-1.17,-2,3,206,5,191,7,MI
628,League,MI,CSK,MI,Bat,Wankhede Stadium,67.28,Night,Humid,Green,LLLLW,WWWLL,0.04,0.47,1,-2,202,6,222,5,CSK
629,League,CSK,MI,CSK,Bat,M.A Chidambaram Stadium,50.69,Night,Clear,Green,LLLLW,LWWWL,0.01,0.96,1,-1,143,6,118,5,CSK
630,League,CSK,MI,MI,Bowl,M.A Chidambaram Stadium,67.03,Night,Humid,Green,LLWWL,LLLWW,1.15,-0.83,-1,2,180,5,158,7,CSK
631,League,CSK,MI,MI,Bat,M.A Chidambaram Stadium,59.27,Day,Clear,Green,LLWWW,WLWLL,-1.14,0.23,3,-2,185,5,196,6,CSK
632,Finals,MI,CSK,MI,Bat,Wankhede Stadium,58.79,Day,Overcast,Green,LLWWW,LWLWL,-0.43,1.03,3,-1,175,9,186,5,MI
633,League,CSK,MI,CSK,Bat,M.A Chidambaram Stadium,61.61,Day,Clear,Dry,WLLWW,LLWWW,0.08,1.6,2,3,172,8,200,2,MI
634,League,MI,CSK,CSK,Bowl,Wankhede Stadium,63.89,Night,Overcast,Green,WWWLW,WWWWW,1.16,0.86,1,5,146,7,129,9,CSK
635,League,CSK,MI,CSK,Bowl,M.A Chidambaram Stadium,54.97,Day,Humid,Dry,LWWLW,WLWWW,-0.76,1.19,1,3,215,7,244,7,MI
636,League,MI,CSK,CSK,Bat,Wankhede Stadium,56.6,Night,Humid,Green,WWWLL,WWWWL,0.56,-0.19,-2,-1,196,5,188,6,MI
637,Finals,CSK,MI,CSK,Bat,M.A Chidambaram Stadium,68.15,Day,Clear,Green,LLLLW,LWLLW,0.46,0.89,1,1,144,2,119,6,CSK
638,Playoff,MI,CSK,CSK,Bowl,Wankhede Stadium,68.75,Night,Humid,Green,LWWLW,WLWWL,-0.24,0.19,1,-1,186,6,208,3,CSK
639,Playoff,CSK,MI,MI,Bowl,M.A Chidambaram Stadium,63.7,Night,Humid,Dry,WWLLL,LWWLL,0.76,-0.21,-3,-2,164,5,191,2,CSK
640,League,CSK,MI,CSK,Bat,M.A Chidambaram Stadium,65.87,Day,Clear,Dry,LWWLL,WLLWL,2.5,-1.14,-2,-1,140,5,118,8,MI
641,Playoff,CSK,MI,CSK,Bowl,M.A Chidambaram Stadium,51.12,Day,Humid,Green,WWWLW,WWWLW,2.08,0.07,1,1,213,3,199,9,MI
642,Playoff,MI,CSK,CSK,Bowl,Wankhede Stadium,59.8,Day,Humid,Dry,LWWLL,WLWLL,0.51,-0.44,-2,-2,165,7,136,6,MI
643,League,MI,CSK,MI,Bowl,Wankhede Stadium,50.39,Night,Humid,Green,LLWLW,WLWLW,-1.13,2.07,1,1,176,7,190,4,MI
644,Playoff,CSK,MI,MI,Bat,M.A Chidambaram Stadium,64.44,Day,Overcast,Green,WWLLL,WWWWW,-0.32,2.2,-3,5,203,8,216,5,MI
645,Finals,CSK,MI,CSK,Bat,M.A Chidambaram Stadium,52.91,Day,Overcast,Green,LWLWW,LLWWW,-0.26,0.87,2,3,157,5,183,6,MI
646,League,MI,CSK,MI,Bat,Wankhede Stadium,69.3,Night,Humid,Dry,LLLLW,LWLWW,2.12,0.84,1,2,194,7,188,5,MI
647,League,MI,CSK,MI,Bat,Wankhede Stadium,59.5,Day,Clear,Green,LWWWW,WLWLL,0.56,-0.29,4,-2,153,6,174,4,CSK
648,League,MI,CSK,MI,Bat,Wankhede Stadium,59.18,Day,Clear,Dry,LLLLW,WLLLW,-0.69,2.01,1,1,195,5,218,5,CSK
649,League,CSK,MI,CSK,Bowl,M.A Chidambaram Stadium,58.26,Night,Humid,Green,WWLLL,LWLLW,1.12,0.47,-3,1,142,4,122,9,MI
650,League,CSK,MI,MI,Bat,M.A Chidambaram Stadium,69.48,Night,Clear,Dry,LLLWW,LWWWW,0.85,0.76,2,4,177,8,198,2,CSK
651,League,MI,CSK,MI,Bat,Wankhede Stadium,62.9,Night,Clear,Green,LWLLL,WWWWW,-0.42,-0.27,-3,5,202,6,226,2,MI
652,League,CSK,MI,CSK,Bat,M.A Chidambaram Stadium,51.32,Day,Clear,Dry,WWWWL,WLLLL,-0.12,-1.06,-1,-4,207,7,178,7,CSK
653,League,MI,CSK,MI,Bat,Wankhede Stadium,54.7,Day,Clear,Green,LLLWL,WLWLL,0.42,-0.04,-1,-2,188,4,165,8,MI
654,Playoff,CSK,MI,MI,Bat,M.A Chidambaram Stadium,61.67,Day,Clear,Green,LLWLW,WLLWW,0.83,2.27,1,2,169,9,191,7,MI
655,Playoff,CSK,MI,MI,Bowl,M.A Chidambaram Stadium,52.8,Day,Humid,Dry,LWLWL,LLLWL,1.99,-0.81,-1,-1,213,5,187,5,MI
656,Playoff,CSK,MI,MI,Bowl,M.A Chidambaram Stadium,65.5,Day,Overcast,Green,WWWWL,LWWWL,1.59,-1.36,-1,-1,198,5,183,8,MI
657,League,MI,CSK,MI,Bowl,Wankhede Stadium,60.24,Night,Humid,Green,LLWWW,LLLWL,-0.07,0.79,3,-1,152,4,137,8,MI
658,League,CSK,MI,CSK,Bat,M.A Chidambaram Stadium,61.43,Day,Humid,Green,LWWLL,WLWWL,1.05,0.26,-2,-1,165,2,138,9,CSK
659,League,MI,CSK,MI,Bat,Wankhede Stadium,56.41,Night,Clear,Dry,LLWWL,LLLWL,0.76,-1.43,-1,-1,148,7,123,8,MI
660,League,CSK,MI,CSK,Bat,M.A Chidambaram Stadium,62.42,Day,Overcast,Green,LWLLW,WLLWW,-1.09,-0.2,1,2,184,7,189,3,MI
661,League,CSK,MI,CSK,Bowl,M.A Chidambaram Stadium,64.98,Night,Overcast,Green,LLWLL,LWLWL,-0.36,0.17,-2,-1,198,3,173,5,MI
662,League,MI,CSK,CSK,Bowl,Wankhede Stadium,62.07,Night,Clear,Green,LLLLL,WWLLW,0.34,1.22,-5,1,197,6,212,2,MI
663,League,CSK,MI,CSK,Bat,M.A Chidambaram Stadium,56.16,Day,Overcast,Dry,WLWLL,LWLLL,2.2,0.32,-2,-3,186,5,170,8,CSK
664,League,CSK,MI,MI,Bat,M.A Chidambaram Stadium,55.3,Day,Clear,Green,WWLWL,LWLWL,-0.22,1.22,-1,-1,165,5,185,5,CSK
665,League,MI,CSK,CSK,Bat,Wankhede Stadium,68.23,Night,Humid,Green,WLWWW,WWLWL,-0.77,1.56,3,-1,188,6,211,5,CSK
666,League,CSK,MI,CSK,Bowl,M.A Chidambaram Stadium,65.74,Night,Humid,Dry,WLWLW,WLWLW,2.09,-0.02,1,1,159,3,138,6,MI
667,Playoff,MI,CSK,CSK,Bowl,Wankhede Stadium,67.63,Night,Overcast,Green,LWWLL,WWLWW,0.31,1.42,-2,2,219,5,245,7,MI
668,League,MI,CSK,CSK,Bat,Wankhede Stadium,67.15,Night,Humid,Dry,WLWLW,WLWLL,-0.06,0.08,1,-2,149,5,164,4,CSK
669,League,MI,CSK,CSK,Bat,Wankhede Stadium,54.93,Night,Overcast,Dry,WWLLL,LWWWL,-0.62,0.21,-3,-1,169,7,180,4,CSK
670,League,CSK,MI,CSK,Bowl,M.A Chidambaram Stadium,58.52,Day,Humid,Green,LWLWL,LWLLW,-0.01,0.48,-1,1,215,9,224,6,MI
671,League,CSK,MI,CSK,Bowl,M.A Chidambaram Stadium,59.57,Night,Humid,Dry,LLWWL,WLWLL,0.28,-0.38,-1,-2,156,4,127,8,MI
672,League,MI,CSK,MI,Bat,Wankhede Stadium,60.05,Night,Clear,Green,WWWLL,LWWWL,1.28,-1.01,-2,-1,194,6,178,7,MI
673,League,MI,CSK,CSK,Bowl,Wankhede Stadium,54.5,Day,Clear,Green,LLWLW,LLLLL,-0.46,-0.3,1,-5,215,5,196,5,MI
674,League,MI,CSK,MI,Bowl,Wankhede Stadium,57.44,Day,Clear,Green,WLWWW,LWWLL,0.1,2.28,3,-2,163,5,181,2,MI
675,League,CSK,MI,MI,Bowl,M.A Chidambaram Stadium,54.18,Night,Clear,Dry,WLWLL,LLLWW,0.65,0,-2,2,165,7,154,6,MI
676,League,CSK,MI,CSK,Bowl,M.A Chidambaram Stadium,69.83,Night,Humid,Green,LLWLW,LLWLL,2.22,-1.33,1,-2,192,5,180,5,MI
677,League,MI,CSK,CSK,Bat,Wankhede Stadium,52.68,Night,Clear,Green,LWWLL,WWWLW,-1.48,0.71,-2,1,148,7,170,4,CSK
678,Playoff,CSK,MI,CSK,Bowl,M.A Chidambaram Stadium,68.72,Night,Humid,Green,LLWWL,WWLLW,2.39,-0.27,-1,1,165,3,159,8,MI
679,League,CSK,MI,CSK,Bat,M.A Chidambaram Stadium,63.75,Day,Overcast,Dry,LWWWL,WWLLL,1.14,-0.73,-1,-3,218,2,207,9,MI
680,League,CSK,MI,MI,Bowl,M.A Chidambaram Stadium,55.35,Night,Clear,Green,WLLLL,LLWWL,-0.74,1.92,-4,-1,177,6,201,3,CSK
681,League,MI,CSK,MI,Bowl,Wankhede Stadium,60.83,Day,Overcast,Dry,WWWWL,WWWLW,0.89,0.73,-1,1,154,8,179,2,MI
682,League,MI,CSK,CSK,Bowl,Wankhede Stadium,66.56,Night,Humid,Green,WWWLL,LLWWW,0.92,0.36,-2,3,174,4,150,7,CSK
683,League,CSK,MI,CSK,Bat,M.A Chidambaram Stadium,59.7,Day,Overcast,Green,LWWWL,WLWWL,-1.41,1.86,-1,-1,158,7,169,2,MI
684,Playoff,MI,CSK,CSK,Bat,Wankhede Stadium,57.07,Day,Humid,Green,WLLWL,WWLWW,0.73,-1.24,-1,2,148,6,135,7,MI
685,League,CSK,MI,CSK,Bowl,M.A Chidambaram Stadium,62.93,Day,Overcast,Dry,LWWLL,LWWWL,1.53,0.79,-2,-1,149,4,136,6,CSK
686,League,CSK,MI,CSK,Bat,M.A Chidambaram Stadium,64.37,Day,Humid,Green,LWWLL,WWWWW,1.25,-1.12,-2,5,190,5,165,9,CSK
687,League,CSK,MI,CSK,Bowl,M.A Chidambaram Stadium,65.28,Night,Clear,Green,LWWLW,LWLLW,0.26,2.43,1,1,169,6,179,2,CSK
688,Playoff,MI,CSK,CSK,Bat,Wankhede Stadium,62.6,Night,Humid,Dry,WWLWL,WWLWL,0.52,1.43,-1,-1,161,6,179,6,MI
689,League,CSK,MI,MI,Bat,M.A Chidambaram Stadium,61.74,Night,Overcast,Green,LWWWW,LLLWL,2.32,0.7,4,-1,194,7,184,5,CSK
690,League,MI,CSK,CSK,Bowl,Wankhede Stadium,66.36,Day,Humid,Green,LLLLL,LWLLL,0.41,0.2,-5,-3,204,9,212,3,MI
691,League,CSK,MI,MI,Bat,M.A Chidambaram Stadium,65.02,Night,Humid,Dry,LLWLW,LLWLW,0.55,1.28,1,1,174,9,187,5,CSK
692,League,MI,CSK,CSK,Bat,Wankhede Stadium,63.07,Day,Overcast,Green,LWLLW,WLLWW,-0.4,0.6,1,2,189,6,216,7,CSK
693,League,MI,CSK,CSK,Bowl,Wankhede Stadium,67.85,Day,Humid,Dry,WWWWL,WLWLW,-1.47,1.85,-1,1,179,5,186,7,CSK
694,League,MI,CSK,MI,Bat,Wankhede Stadium,50.78,Day,Humid,Dry,LLWWL,LLWWW,0.9,1.07,-1,3,163,7,173,3,MI
695,League,CSK,MI,MI,Bat,M.A Chidambaram Stadium,69.9,Day,Humid,Dry,WWWLL,WWLLL,2.22,-1.44,-2,-3,156,6,133,5,CSK
696,League,CSK,MI,CSK,Bat,M.A Chidambaram Stadium,61.47,Night,Overcast,Green,LLWWW,LLWWL,0.84,-0.51,3,-1,169,5,156,5,CSK
697,League,MI,CSK,CSK,Bat,Wankhede Stadium,61.31,Night,Humid,Green,WLWLL,WWLWW,0.6,0.5,-2,2,153,8,172,6,MI
698,League,CSK,MI,CSK,Bat,M.A Chidambaram Stadium,67.88,Day,Humid,Green,WWLWL,WLWLW,-1.46,1.6,-1,1,154,9,162,5,MI
699,League,MI,CSK,CSK,Bowl,Wankhede Stadium,50.99,Night,Overcast,Dry,WLLLW,LLWWW,0.48,-0.64,1,3,165,4,151,5,CSK
700,Finals,MI,CSK,MI,Bowl,Wankhede Stadium,60.53,Day,Clear,Dry,WLLWW,LLLWL,-1.14,0.42,2,-1,216,8,221,2,MI
701,League,CSK,MI,MI,Bat,M.A Chidambaram Stadium,59.97,Night,Humid,Green,WLLLW,WWWWL,0.72,-1.38,1,-1,160,7,146,8,MI
702,Playoff,MI,CSK,CSK,Bowl,Wankhede Stadium,56.03,Night,Overcast,Green,LWWWL,LWWLW,1.55,-0.49,-1,1,162,7,150,8,MI
703,Finals,CSK,MI,MI,Bowl,M.A Chidambaram Stadium,61.25,Day,Overcast,Green,LWLWL,LWLWW,-0.89,1.37,-1,2,165,5,191,7,MI
704,League,MI,CSK,MI,Bowl,Wankhede Stadium,57.93,Day,Humid,Dry,LLLLW,WWLLL,1.22,-0.68,1,-3,159,3,151,6,CSK
705,Playoff,CSK,MI,MI,Bat,M.A Chidambaram Stadium,56.22,Day,Overcast,Dry,WWWWL,WLLLW,-0.29,0.55,-1,1,153,8,182,5,MI
706,League,CSK,MI,MI,Bat,M.A Chidambaram Stadium,69.37,Day,Clear,Dry,LWWWW,WWWLL,0.05,-0.2,4,-2,218,9,247,3,CSK
707,League,CSK,MI,CSK,Bowl,M.A Chidambaram Stadium,60.5,Night,Humid,Dry,WWLWL,LWWWW,0.25,0.8,-1,4,149,4,136,8,CSK
708,League,CSK,MI,MI,Bat,M.A Chidambaram Stadium,55.49,Day,Overcast,Dry,LWWWW,WLWWL,-0.45,-0.18,4,-1,174,5,200,6,MI
709,League,MI,CSK,MI,Bat,Wankhede Stadium,60.96,Day,Humid,Green,WLLLW,WLLLW,-0.48,-1.34,1,1,178,7,173,9,CSK
710,League,CSK,MI,CSK,Bat,M.A Chidambaram Stadium,64.65,Day,Overcast,Green,LLLLL,WLWWL,0.84,-0.39,-5,-1,209,8,233,2,CSK
711,League,MI,CSK,CSK,Bowl,Wankhede Stadium,51.99,Night,Clear,Green,WLLLW,WWWLW,1.04,-1.48,1,1,212,2,186,5,MI
712,League,CSK,MI,MI,Bat,M.A Chidambaram Stadium,69.26,Night,Humid,Dry,WWLWW,LLWLL,0.94,-0.44,2,-2,208,3,183,5,CSK
713,Playoff,CSK,MI,MI,Bat,M.A Chidambaram Stadium,65.51,Night,Overcast,Green,LLLWL,WLLWW,2.22,-0.11,-1,2,203,6,191,6,MI
714,League,CSK,MI,CSK,Bat,M.A Chidambaram Stadium,61.37,Day,Clear,Green,LLLWL,LLWWL,1.21,-0.25,-1,-1,162,7,155,7,CSK
715,League,CSK,MI,MI,Bowl,M.A Chidambaram Stadium,60.49,Night,Overcast,Dry,WWLWL,WWWLW,-1.4,0.55,-1,1,210,7,228,3,MI
716,League,MI,CSK,MI,Bowl,Wankhede Stadium,66,Day,Overcast,Green,WLLWW,WWWWL,-0.65,2.15,2,-1,149,5,176,4,MI
717,League,CSK,MI,CSK,Bowl,M.A Chidambaram Stadium,59.79,Day,Overcast,Dry,WLWLW,LLWLL,-0.8,1.11,1,-2,161,6,189,4,MI
718,League,MI,CSK,MI,Bat,Wankhede Stadium,62.14,Day,Overcast,Green,LWWLL,WWLLL,2.26,-0.11,-2,-3,178,5,164,5,CSK
719,League,CSK,MI,CSK,Bowl,M.A Chidambaram Stadium,62.72,Night,Clear,Dry,LLLWW,WLWLW,0.04,-0.49,2,1,149,2,130,7,MI
720,League,MI,CSK,MI,Bat,Wankhede Stadium,53.69,Day,Overcast,Green,WWWWL,WWWLL,-1.12,2.28,-1,-2,161,8,173,6,MI
721,League,CSK,MI,MI,Bat,M.A Chidambaram Stadium,64.64,Night,Clear,Green,WWWLW,LLWLL,0.82,0,1,-2,217,5,232,6,MI
722,Playoff,MI,CSK,CSK,Bowl,Wankhede Stadium,65.75,Night,Clear,Green,WWLLL,LWWWW,0.9,0.99,-3,4,196,5,175,5,MI
723,League,MI,CSK,MI,Bat,Wankhede Stadium,62.45,Day,Clear,Green,WLLWL,LWLWW,0.85,0.7,-1,2,205,9,213,7,CSK
724,League,MI,CSK,MI,Bat,Wankhede Stadium,57.98,Night,Overcast,Green,LLLLW,WWLWL,1.68,-1.22,1,-1,199,5,180,5,CSK
725,League,CSK,MI,MI,Bowl,M.A Chidambaram Stadium,53.15,Night,Overcast,Green,LWLWL,LWLLL,-0.53,1.77,-1,-3,191,7,198,5,MI
726,League,MI,CSK,MI,Bat,Wankhede Stadium,58.38,Day,Clear,Green,LWWLL,LLWWL,0.77,2.44,-2,-1,218,8,229,4,MI
727,League,MI,CSK,CSK,Bat,Wankhede Stadium,58.42,Day,Overcast,Green,LWLLW,LWWWW,0.27,1.06,1,4,151,5,169,5,CSK
728,League,MI,CSK,MI,Bat,Wankhede Stadium,59.75,Night,Clear,Green,WWLWW,LLWLL,-0.44,0.43,2,-2,169,5,142,5,MI
729,League,MI,CSK,CSK,Bat,Wankhede Stadium,53.56,Night,Humid,Green,WLWLW,LWLWL,0.82,0.22,1,-1,190,3,174,5,MI
730,Playoff,MI,CSK,MI,Bowl,Wankhede Stadium,53.39,Night,Clear,Dry,WLLWW,LLLWW,2.19,-0.03,2,2,176,6,147,9,MI
731,League,MI,CSK,CSK,Bat,Wankhede Stadium,64.2,Night,Humid,Green,WWWLW,LWLLL,1.81,-0.76,1,-3,174,2,147,8,MI
732,League,CSK,MI,CSK,Bat,M.A Chidambaram Stadium,69.04,Day,Overcast,Green,WLWLL,WLWWL,0.13,0.38,-2,-1,190,5,207,4,CSK
733,League,CSK,MI,MI,Bat,M.A Chidambaram Stadium,66.16,Day,Clear,Green,WWWWW,LLLLW,1.12,-0.32,5,1,186,2,173,9,MI
734,League,CSK,MI,MI,Bowl,M.A Chidambaram Stadium,61.06,Day,Clear,Green,WWWLW,WLLLL,-0.56,0.76,1,-4,201,6,229,7,CSK
735,Playoff,CSK,MI,CSK,Bowl,M.A Chidambaram Stadium,68.33,Night,Humid,Dry,WLLLL,WLWLL,0.79,-0.43,-4,-2,174,7,159,5,CSK
736,League,MI,CSK,MI,Bowl,Wankhede Stadium,64.84,Night,Humid,Dry,LWWLW,WWLWW,0.77,0.36,1,2,168,5,154,7,MI
737,League,CSK,MI,CSK,Bowl,M.A Chidambaram Stadium,61.78,Day,Humid,Dry,LLLLL,LLLWW,-1.21,2.07,-5,2,193,9,208,2,CSK
738,League,MI,CSK,CSK,Bat,Wankhede Stadium,55.12,Day,Clear,Green,WWLLW,WLWLW,2.37,-0.13,1,1,154,7,127,5,CSK
739,League,MI,CSK,MI,Bowl,Wankhede Stadium,65.45,Day,Clear,Green,WWLLL,WWLLW,-1.25,1.88,-3,1,211,5,217,2,CSK
740,League,CSK,MI,CSK,Bowl,M.A Chidambaram Stadium,54.45,Night,Clear,Green,LLWWL,WLWLW,-1.47,1.08,-1,1,217,6,241,3,MI
741,League,CSK,MI,CSK,Bowl,M.A Chidambaram Stadium,68.93,Day,Humid,Green,LLLWL,WWWLL,0.98,0.46,-1,-2,198,5,208,7,MI
742,League,CSK,MI,MI,Bat,M.A Chidambaram Stadium,64.4,Night,Overcast,Dry,LWWWW,LWWLL,0.4,-1.32,4,-2,147,4,120,7,MI
743,League,MI,CSK,CSK,Bowl,Wankhede Stadium,64.73,Night,Clear,Green,LWWLW,LLLWW,1.75,0.55,1,2,212,5,193,5,CSK
744,League,MI,CSK,MI,Bat,Wankhede Stadium,52.6,Night,Clear,Green,LWWWW,LLLLW,-1.09,-0.19,4,1,218,6,233,2,CSK
745,League,CSK,MI,CSK,Bowl,M.A Chidambaram Stadium,54.93,Day,Overcast,Green,WWLLL,LLLWL,-0.01,-0.68,-3,-1,175,5,155,5,CSK
746,Playoff,MI,CSK,MI,Bowl,Wankhede Stadium,63.24,Night,Humid,Dry,WWLWL,WWWLW,-1.32,-0.22,-1,1,211,9,236,5,CSK
747,League,CSK,MI,CSK,Bowl,M.A Chidambaram Stadium,55.75,Night,Clear,Green,WWLWW,WLWWW,1.29,-0.67,2,3,191,3,169,8,MI
748,League,CSK,MI,MI,Bat,M.A Chidambaram Stadium,61.96,Day,Clear,Green,LWWLL,WWLWL,2.31,-0.2,-2,-1,168,2,161,5,CSK
749,League,MI,CSK,CSK,Bat,Wankhede Stadium,57.09,Day,Overcast,Green,LWLLW,WLLWW,0.77,-0.67,1,2,209,5,201,8,MI
750,League,CSK,MI,CSK,Bowl,M.A Chidambaram Stadium,55.82,Night,Humid,Green,LLWWL,WWLLL,2.12,0.36,-1,-3,213,6,198,8,CSK
751,League,MI,CSK,CSK,Bat,Wankhede Stadium,66.09,Night,Overcast,Dry,LWLLW,WWLWW,2.2,-0.36,1,2,198,7,185,5,CSK
752,League,MI,CSK,CSK,Bowl,Wankhede Stadium,69.95,Night,Humid,Green,LLWWL,WWLLL,-0.03,0.52,-1,-3,213,7,220,5,CSK
753,League,CSK,MI,MI,Bowl,M.A Chidambaram Stadium,57.84,Day,Humid,Dry,LWWLL,WWWLW,0.32,-0.27,-2,1,175,7,167,9,CSK
754,League,MI,CSK,CSK,Bowl,Wankhede Stadium,51.53,Night,Overcast,Green,LWWLW,WLWLW,-0.46,0.44,1,1,193,7,204,3,CSK
755,Playoff,MI,CSK,CSK,Bowl,Wankhede Stadium,65.45,Day,Clear,Green,WWWWL,WWWWL,1.81,2.03,-1,-1,195,4,153,6,MI
756,Playoff,MI,CSK,CSK,Bat,Wankhede Stadium,71.21,Night,Humid,Dry,WWWWL,WLWWW,2.58,2.91,-1,3,196,5,138,5,MI
757,League,MI,CSK,CSK,Bowl,Wankhede Stadium,51.97,Day,Humid,Green,WLLLL,WLWLW,-0.38,-0.3,-4,1,195,8,211,6,MI
758,Finals,CSK,MI,CSK,Bat,M.A Chidambaram Stadium,58.46,Night,Overcast,Green,WLLLW,WLWWW,2.25,0.72,1,3,214,4,190,8,MI
759,League,MI,CSK,CSK,Bowl,Wankhede Stadium,50.29,Night,Overcast,Green,LLLLL,LWWWL,1.41,0.72,-5,-1,176,3,158,9,MI
760,League,CSK,MI,MI,Bat,M.A Chidambaram Stadium,59.06,Day,Overcast,Green,WLLLL,LWWLL,-1.22,1.22,-4,-2,187,8,216,2,MI
761,Playoff,CSK,MI,CSK,Bowl,M.A Chidambaram Stadium,57.93,Night,Clear,Dry,WWLLW,WWWWL,-0.53,2,1,-1,219,5,237,7,MI
762,League,CSK,MI,CSK,Bat,M.A Chidambaram Stadium,60.37,Day,Humid,Dry,WWLLL,LWLLL,-1.4,0.74,-3,-3,195,8,224,4,MI
763,League,CSK,MI,MI,Bowl,M.A Chidambaram Stadium,50.76,Day,Humid,Green,WWWLW,WWLWL,1.51,0.73,1,-1,152,2,130,5,MI
764,League,MI,CSK,CSK,Bat,Wankhede Stadium,55.42,Day,Clear,Dry,WWLWL,WLWWL,0.17,-1.31,-1,-1,149,5,134,8,CSK
765,League,MI,CSK,CSK,Bat,Wankhede Stadium,51.45,Day,Overcast,Dry,WLLWL,WLLWL,0.87,1.92,-1,-1,215,5,226,3,MI
766,League,CSK,MI,MI,Bat,M.A Chidambaram Stadium,51.23,Night,Clear,Green,LLLWL,LLLLW,0.53,-1.14,-1,1,149,2,138,7,MI
767,League,CSK,MI,MI,Bat,M.A Chidambaram Stadium,57.59,Night,Overcast,Dry,WWWLL,LLLLL,-0.32,0.58,-2,-5,163,9,178,4,MI
768,League,MI,CSK,MI,Bat,Wankhede Stadium,60.64,Day,Humid,Green,LWLWW,WWLWL,2.48,0.88,2,-1,147,5,133,5,MI
769,League,CSK,MI,CSK,Bat,M.A Chidambaram Stadium,50.55,Day,Overcast,Dry,LWWLW,LLWLW,0.64,-0.7,1,1,187,6,176,6,MI
770,League,CSK,MI,MI,Bowl,M.A Chidambaram Stadium,55.85,Day,Clear,Green,LWLLL,LWWWL,2.49,-0.01,-3,-1,179,2,167,6,MI
771,League,MI,CSK,CSK,Bowl,Wankhede Stadium,51.25,Night,Humid,Green,LLWLL,WLLLW,-0.58,0.55,-2,1,167,6,175,2,MI
772,Playoff,CSK,MI,CSK,Bat,M.A Chidambaram Stadium,61.81,Night,Overcast,Green,LLLWL,LWWWW,0.09,2.1,-1,4,146,6,165,5,MI
773,League,CSK,MI,CSK,Bat,M.A Chidambaram Stadium,69.23,Day,Overcast,Green,WWLWL,LLWWW,-1.11,-0.12,-1,3,210,8,235,3,MI
774,League,MI,CSK,MI,Bat,Wankhede Stadium,68.26,Night,Overcast,Green,LWLLL,WWLLW,-0.03,0.27,-3,1,140,3,128,9,CSK
775,League,MI,CSK,CSK,Bat,Wankhede Stadium,56.22,Night,Overcast,Green,LLWWL,LLLWW,0.24,1.02,-1,2,159,5,176,7,CSK
776,League,MI,CSK,MI,Bat,Wankhede Stadium,68.63,Day,Overcast,Green,WLLWW,LLLWL,0.39,-0.22,2,-1,208,4,200,5,CSK
777,League,CSK,MI,MI,Bat,M.A Chidambaram Stadium,52.2,Day,Clear,Green,LLLLW,WWWLW,0.24,-0.11,1,1,185,7,165,8,MI
778,League,CSK,MI,CSK,Bowl,M.A Chidambaram Stadium,60.09,Day,Overcast,Green,LLWLL,WWLWL,-0.58,1.02,-2,-1,181,6,188,4,CSK
779,League,CSK,MI,MI,Bat,M.A Chidambaram Stadium,66.32,Night,Humid,Dry,LLLLL,LWWWL,0.08,-0.72,-5,-1,170,6,145,7,CSK
780,Finals,MI,CSK,MI,Bowl,Wankhede Stadium,55.01,Day,Overcast,Dry,LLLLL,LLWLW,0.45,0.89,-5,1,143,4,114,5,MI
781,League,MI,CSK,CSK,Bowl,Wankhede Stadium,59.01,Day,Humid,Green,LLWLW,LLWWL,2.45,-1.42,1,-1,217,3,205,7,CSK
782,League,MI,CSK,CSK,Bat,Wankhede Stadium,67.24,Day,Humid,Green,WLLLL,LWWLW,1.69,0.55,-4,1,188,3,183,7,CSK
783,League,CSK,MI,MI,Bat,M.A Chidambaram Stadium,68.8,Day,Overcast,Green,WLLLL,WWWLL,0.25,-0.01,-4,-2,197,7,214,3,MI
784,League,MI,CSK,MI,Bat,Wankhede Stadium,61.48,Night,Clear,Green,WWLWL,LLLWL,-1.16,0.53,-1,-1,215,5,238,2,CSK
785,League,MI,CSK,MI,Bowl,Wankhede Stadium,65.01,Day,Overcast,Green,LLWLW,LLWLL,0.66,-0.36,1,-2,165,6,142,8,MI
786,League,CSK,MI,CSK,Bat,M.A Chidambaram Stadium,67.15,Night,Overcast,Dry,LWWWL,LWLLL,-0.69,1.95,-1,-3,182,6,198,4,CSK
787,League,MI,CSK,CSK,Bat,Wankhede Stadium,63.91,Night,Overcast,Green,WWLLL,LWLLW,2.06,0.56,-3,1,154,7,135,7,MI
788,Playoff,CSK,MI,MI,Bat,M.A Chidambaram Stadium,54.71,Day,Humid,Dry,LWWLL,LWLWW,1.8,0.31,-2,2,159,7,141,5,MI
789,League,CSK,MI,CSK,Bowl,M.A Chidambaram Stadium,52.13,Day,Clear,Dry,LWWWW,WLLWL,0.67,0.02,4,-1,186,7,210,3,CSK
790,League,CSK,MI,CSK,Bat,M.A Chidambaram Stadium,67.69,Night,Overcast,Dry,LWWLW,WLWLL,2.22,0.68,1,-2,212,2,194,5,CSK
791,League,MI,CSK,MI,Bowl,Wankhede Stadium,60.42,Day,Clear,Dry,LLWLW,LLWWL,1.18,0.6,1,-1,200,3,182,7,CSK
792,League,MI,CSK,CSK,Bat,Wankhede Stadium,53.46,Day,Overcast,Green,LLWLL,WWWLW,0.4,0.67,-2,1,187,4,173,6,CSK
793,League,MI,CSK,MI,Bat,Wankhede Stadium,68.63,Day,Overcast,Dry,WLLWL,WLLLL,-0.47,0.34,-1,-4,148,8,163,5,CSK
794,League,MI,CSK,CSK,Bowl,Wankhede Stadium,54.42,Night,Humid,Dry,WWLWL,WLLLL,-0.1,0.44,-1,-4,145,5,126,5,MI
795,League,CSK,MI,MI,Bowl,M.A Chidambaram Stadium,60.39,Day,Clear,Green,LWWWW,WWWLW,2.2,-0.91,4,1,206,4,182,7,CSK
796,League,CSK,MI,CSK,Bowl,M.A Chidambaram Stadium,69.65,Night,Humid,Dry,LLWLW,LLLWL,-0.38,1.06,1,-1,207,9,220,5,MI
797,League,MI,CSK,MI,Bowl,Wankhede Stadium,59.86,Night,Humid,Dry,WWWLW,WWLWL,0.46,0.85,1,-1,173,9,201,5,CSK
798,League,CSK,MI,CSK,Bowl,M.A Chidambaram Stadium,62,Night,Clear,Green,WLWWL,WLLWW,0.28,0.06,-1,2,206,7,194,5,CSK
799,Playoff,MI,CSK,CSK,Bat,Wankhede Stadium,63.91,Day,Humid,Green,WWLLL,WWWWW,-1.07,1.67,-3,5,143,7,171,2,MI
800,League,CSK,MI,MI,Bowl,M.A Chidambaram Stadium,56.96,Night,Overcast,Green,LLLWW,LWLWL,-0.39,2.28,2,-1,196,5,223,3,CSK
