Match ID,Match Stage,Team 1,Team 2,Toss Winner,Toss Decision,Match Venue,Win % at Venue,Day/Night Match,Weather Condition,Pitch Condition,Team 1 Recent Form,Team 2 Recent Form,Head-to-Head Wins,Team 1 NRR,Team 2 NRR,Team 1 Win Streak,Team 2 Win Streak,Team 1 Avg Score,Team 1 Avg Wickets,Team 2 Avg Score,Team 2 Avg Wickets,Winner
1,League,MI,SRH,MI,Bat,Rajiv Gandhi International Stadium,58.53,Day,Clear,Dead,WWWWW,WWLLW,LLWLL,1.78,0.65,2,-2,179,5,170,5,SRH
2,League,RCB,RR,RCB,Bat,M Chinnaswamy Stadium,62.26,Night,Clear,Dead,LWWLW,LWWLW,LWLWW,1.26,-0.89,1,0,177,5,197,5,RR
3,League,GT,SRH,SRH,Bowl,Narendra Modi Stadium,58.53,Night,Humid,Green,LWWLW,WWLLW,WWLLL,1.74,0.33,1,0,176,7,178,6,GT
4,Playoffs,CSK,GT,GT,Bat,Narendra Modi Stadium,62.26,Night,Clear,Green,WLWWW,LWWLW,LLLLW,2.74,1.94,3,1,160,9,155,7,GT
5,Playoffs,RCB,LSG,LSG,Bowl,Ekana Stadium,62.26,Night,Clear,Dusty,WLWLL,LWLWL,LLLLL,0.81,-1.69,1,-2,165,7,170,5,RCB
6,League,GT,RCB,RCB,Bat,Narendra Modi Stadium,62.26,Night,Humid,Dusty,WLWLL,WLWLW,LWLWW,1.44,1.87,2,1,199,9,169,5,RCB
7,League,KKR,RR,RR,Bat,Sawai Mansingh Stadium,54,Night,Clear,Green,LWWLW,WLWLW,WLWLL,1.66,0.07,-2,-1,153,5,190,6,RR
8,League,LSG,SRH,LSG,Bowl,Ekana Stadium,65.45,Day,Humid,Dead,LLWLL,WLWLW,LWWWL,0.07,-0.53,-5,-4,137,7,185,5,LSG
9,League,PBKS,DC,PBKS,Bat,Mohali,54,Night,Clear,Dusty,LLLWL,LLWLL,WWWLL,0.72,-0.74,-5,0,199,5,163,7,DC
10,League,RCB,GT,GT,Bowl,M Chinnaswamy Stadium,65.45,Day,Clear,Green,LWWLW,WLWLW,WLLWW,1.55,0.94,2,2,154,6,143,4,RCB
11,League,CSK,KKR,CSK,Bat,MA Chidambaram Stadium,47.12,Day,Humid,Green,WLWWW,WLWLL,LWLLW,1.94,1.52,2,-1,136,4,165,8,CSK
12,League,GT,SRH,GT,Bat,Rajiv Gandhi International Stadium,62.5,Day,Cloudy,Green,WWLLW,WLWLL,WLLWL,0.86,-2.77,1,-4,153,7,153,4,GT
13,League,LSG,MI,LSG,Bowl,Ekana Stadium,71.21,Day,Rainy,Green,LLWLL,WWWWW,WWWWW,-1.74,2.79,0,2,188,5,146,8,LSG
14,League,PBKS,RR,RR,Bowl,Mohali,62.5,Night,Humid,Dusty,LWLWL,LWWLW,LLWLW,-0.61,-2.73,-3,-5,182,7,177,9,PBKS
15,League,DC,MI,DC,Bat,Arun Jaitley Stadium,65.45,Day,Humid,Dusty,LLLWL,WWLWW,WLWWL,-2.42,2.63,-1,3,181,8,187,8,MI
16,League,PBKS,LSG,LSG,Bowl,Ekana Stadium,54,Night,Humid,Green,LWLWL,LWLWL,WLLLW,-1.27,-0.12,-3,-4,138,8,140,7,LSG
17,League,PBKS,GT,PBKS,Bowl,Mohali,62.26,Day,Rainy,Dead,LLWLL,WLWLL,LWWWW,-1.5,0.92,-2,0,162,7,171,7,PBKS
18,League,KKR,RR,KKR,Bat,Eden Gardens,42.85,Night,Cloudy,Green,LWWLW,WLWLL,WWWWW,1.39,1,-2,-3,191,6,145,6,RR
19,League,PBKS,SRH,PBKS,Bat,Rajiv Gandhi International Stadium,54,Day,Clear,Dusty,LWLWL,WWLLW,LLLLW,-2.8,0.02,-1,-3,171,8,172,9,PBKS
20,Playoffs,MI,RCB,MI,Bat,Wankhede Stadium,58.53,Day,Clear,Green,WWLWW,WLWLW,WWWLL,2.39,1.18,4,-2,136,9,160,6,MI
21,League,RR,CSK,CSK,Bowl,Sawai Mansingh Stadium,58.53,Night,Clear,Dusty,LWWLW,WWWWL,LLLLL,0.14,2.61,0,4,193,5,184,7,CSK
22,League,RR,SRH,SRH,Bat,Rajiv Gandhi International Stadium,65.45,Day,Clear,Dead,WLWLL,LWWLW,WLWLL,0.68,-1.27,0,-1,141,7,136,9,RR
23,League,RCB,MI,RCB,Bowl,Wankhede Stadium,62.5,Day,Cloudy,Green,WWLLW,WLWWW,WLWLW,0.78,1.69,2,4,165,8,161,5,MI
24,League,GT,PBKS,GT,Bowl,Narendra Modi Stadium,71.21,Day,Cloudy,Green,LWWLW,LLLWL,LLWLL,1.24,0.37,0,-5,161,9,198,7,GT
25,Playoffs,RR,MI,RR,Bat,Sawai Mansingh Stadium,42.85,Day,Clear,Dusty,LWWLW,WWLWW,LWWWL,-0.61,1.75,-1,4,183,9,131,8,MI
26,League,LSG,DC,DC,Bowl,Ekana Stadium,42.85,Day,Cloudy,Green,LWLWL,LLLWL,LWLWL,-1.26,-0.49,-1,0,141,5,183,9,LSG
27,League,RR,KKR,RR,Bowl,Eden Gardens,71.21,Day,Rainy,Dead,LWWLW,WLWLW,LWLLW,-0.69,1.7,-3,-1,148,5,174,5,KKR
28,Playoffs,GT,CSK,CSK,Bowl,MA Chidambaram Stadium,47.12,Day,Rainy,Green,LWWLW,WWWWW,LLWWL,1.27,2.17,2,4,146,4,188,5,CSK
29,League,RCB,MI,MI,Bat,Wankhede Stadium,71.21,Night,Humid,Green,WLWLL,WLWWW,WWWWW,0.69,2.8,-1,2,163,6,174,5,RCB
30,Playoffs,PBKS,LSG,PBKS,Bowl,Mohali,42.85,Night,Clear,Dusty,LLWLL,LLLWL,LLLWL,-0.83,0.82,-1,-1,175,7,143,5,LSG
31,Playoffs,DC,RR,RR,Bat,Arun Jaitley Stadium,54,Day,Cloudy,Dusty,LWLWL,WLWLL,LWLLW,-3,-1.02,-3,-2,163,4,190,8,DC
32,League,MI,PBKS,PBKS,Bowl,Mohali,65.45,Night,Cloudy,Dusty,WWWWW,LLWLL,WLLWL,2.35,-1.02,2,-3,147,5,195,4,MI
33,League,GT,MI,GT,Bowl,Wankhede Stadium,54,Night,Humid,Dead,WWLLW,WWWWW,WLLLL,1.11,1.82,0,4,166,7,176,6,GT
34,League,PBKS,KKR,PBKS,Bowl,Eden Gardens,47.12,Night,Rainy,Green,WLLLL,LWWLW,LWWLL,-0.44,0.63,0,0,165,7,186,8,KKR
35,League,RR,PBKS,RR,Bowl,Mohali,47.12,Day,Humid,Dusty,WLWLW,LLWLL,WLWLW,-2.55,-0.48,-1,-5,188,9,167,6,PBKS
36,League,CSK,RCB,CSK,Bowl,MA Chidambaram Stadium,62.26,Night,Humid,Dead,WWWWW,WLWLW,LWWLW,2.24,1.43,3,0,170,8,169,5,CSK
37,League,GT,LSG,GT,Bat,Ekana Stadium,54,Day,Humid,Green,WLWLW,LLWLL,WLWWL,1.68,-2.2,0,0,180,4,180,8,LSG
38,League,DC,MI,MI,Bowl,Arun Jaitley Stadium,62.5,Day,Clear,Dead,WLLLL,WWWWL,LLWLW,-2.64,1.85,0,2,184,4,165,4,DC
39,League,CSK,SRH,SRH,Bowl,Rajiv Gandhi International Stadium,54,Day,Rainy,Green,WWWWL,LWWLW,LWWWW,1.55,-1.19,2,-1,189,8,183,8,SRH
40,League,DC,MI,DC,Bowl,Wankhede Stadium,42.85,Day,Cloudy,Green,LLLWL,WWWWW,LLLLW,-1.09,2.98,-1,4,146,6,182,9,MI
41,League,LSG,GT,GT,Bat,Narendra Modi Stadium,62.26,Day,Rainy,Dead,LLWLL,WLWLL,WLLLW,0.16,1.09,0,2,151,8,181,8,LSG
42,Playoffs,LSG,GT,LSG,Bowl,Ekana Stadium,54,Day,Clear,Dusty,LWLWL,WLWLW,WWWWW,-0.83,1.05,0,-1,179,9,193,4,LSG
43,League,CSK,MI,CSK,Bowl,MA Chidambaram Stadium,65.45,Day,Rainy,Green,WWWWW,WWWWL,LWLLL,1.77,2.29,3,3,166,5,177,9,CSK
44,League,CSK,RCB,CSK,Bat,MA Chidambaram Stadium,42.85,Night,Rainy,Dead,WLWWW,WWLLW,WWWLW,2.87,1.06,2,-1,176,5,141,4,CSK
45,League,GT,LSG,LSG,Bat,Narendra Modi Stadium,62.5,Day,Clear,Green,WLWLW,WLLLL,LWWLL,1.82,-0.56,-1,-2,137,8,179,4,GT
46,League,KKR,CSK,CSK,Bowl,Eden Gardens,65.45,Day,Rainy,Dusty,WWLLW,WWLWW,WLWLW,1.47,1.63,2,4,138,7,185,8,CSK
47,Playoffs,RCB,GT,GT,Bat,M Chinnaswamy Stadium,62.26,Day,Humid,Dusty,WWLLW,LWWLW,LWWLW,1.15,1.21,-2,-1,196,9,168,4,GT
48,League,SRH,LSG,SRH,Bowl,Rajiv Gandhi International Stadium,42.85,Night,Clear,Green,WWLLW,WLLLL,WWWWW,-0.99,-1.85,-1,-5,186,5,172,9,SRH
49,League,KKR,RR,RR,Bat,Eden Gardens,62.5,Day,Clear,Dusty,LWWLW,WLWLL,WWWLW,1.81,-2.9,1,0,158,7,149,4,KKR
50,Playoffs,RR,LSG,RR,Bat,Sawai Mansingh Stadium,71.21,Day,Humid,Dead,WLWLW,WLLLL,LWWLW,-0.83,-2.72,-3,-5,199,8,148,9,RR
51,League,SRH,RR,RR,Bat,Rajiv Gandhi International Stadium,42.85,Night,Humid,Green,LWWLW,LWWLW,LWLLL,-2.34,-1.32,-1,-1,169,5,165,4,RR
52,League,LSG,PBKS,LSG,Bat,Mohali,65.45,Night,Clear,Dusty,LLLWL,LLLWL,WWWWL,0.15,0.31,-4,-1,177,9,166,8,LSG
53,League,LSG,KKR,KKR,Bat,Ekana Stadium,62.5,Day,Rainy,Dead,LLWLL,WWLLW,WWLLL,-2.36,0.55,-5,2,131,7,173,9,LSG
54,League,GT,PBKS,PBKS,Bowl,Narendra Modi Stadium,62.5,Day,Clear,Dusty,WLWLW,LLLWL,LWLWW,1.6,0.61,2,-2,160,7,151,9,PBKS
55,League,RR,LSG,RR,Bowl,Ekana Stadium,65.45,Day,Clear,Dead,WWLLW,WLLLL,WLLWL,0.19,0.5,-4,0,143,9,150,4,LSG
56,League,RCB,CSK,RCB,Bowl,M Chinnaswamy Stadium,47.12,Night,Humid,Dusty,WLWLW,WWWWL,WWLWL,1.71,2.53,-1,2,171,4,192,7,RCB
57,League,GT,MI,GT,Bat,Narendra Modi Stadium,58.53,Day,Rainy,Green,LWWLW,WWWWL,WWLLW,1.42,2.84,-2,2,196,9,181,9,MI
58,League,LSG,KKR,KKR,Bat,Eden Gardens,62.26,Day,Humid,Dusty,LWLWL,WWLLW,LWLWL,-0.85,0.89,-2,-1,133,4,170,4,LSG
59,League,GT,LSG,LSG,Bat,Ekana Stadium,71.21,Night,Clear,Dead,WLWLW,LLWLL,WWLLL,1.11,-1.7,-1,0,141,9,134,6,GT
60,League,LSG,PBKS,LSG,Bat,Mohali,65.45,Night,Humid,Dead,WLLLL,LLWLL,WLLWW,0.67,-0.95,0,-3,141,6,189,6,PBKS
61,League,GT,CSK,CSK,Bat,Narendra Modi Stadium,65.45,Night,Cloudy,Dusty,LWWLW,WWWWW,WWLLL,0.74,2.7,-2,2,180,4,164,4,CSK
62,League,SRH,GT,GT,Bowl,Narendra Modi Stadium,58.53,Night,Humid,Dusty,WLWLW,WWLLW,WLLWW,-1.43,1.73,0,0,150,8,166,6,GT
63,League,RR,RCB,RCB,Bat,M Chinnaswamy Stadium,58.53,Night,Humid,Green,WLWLW,WWLLW,LWLWW,-1.66,0.73,-4,1,188,7,133,4,RR
64,League,LSG,RR,RR,Bowl,Sawai Mansingh Stadium,47.12,Night,Rainy,Green,LLWLL,WLWLW,LWLWL,-1.52,0.55,-5,-2,165,8,196,6,RR
65,Playoffs,RR,PBKS,RR,Bat,Sawai Mansingh Stadium,62.5,Day,Humid,Green,WLWLL,WLLLL,WLWWL,-1.48,-2.97,-3,-2,157,9,161,5,RR
66,League,MI,CSK,CSK,Bat,Wankhede Stadium,58.53,Day,Clear,Dead,WWWWL,WWWWW,LLLWW,2.95,2.67,3,2,144,9,196,8,MI
67,Playoffs,SRH,PBKS,PBKS,Bowl,Mohali,47.12,Day,Humid,Green,LWWLW,LLWLL,WLWLW,-2.88,-2.52,-3,0,164,7,180,6,SRH
68,League,RCB,SRH,SRH,Bat,M Chinnaswamy Stadium,47.12,Night,Clear,Dead,WWLLW,WWLLW,LWLWL,0.67,0.77,1,0,188,5,160,4,RCB
69,Playoffs,RCB,MI,MI,Bowl,Wankhede Stadium,65.45,Day,Humid,Dusty,WLWLW,WWWWL,WWWLL,0.78,1.86,2,2,168,5,180,7,MI
70,League,MI,GT,GT,Bowl,Wankhede Stadium,47.12,Night,Humid,Dusty,WWWWW,WLWLW,WWWWW,2.69,0.51,3,-2,197,5,155,8,MI
71,League,MI,DC,MI,Bowl,Arun Jaitley Stadium,42.85,Day,Clear,Dead,WWLWW,LWLWL,WWLWL,2.62,-2.08,4,0,168,7,130,8,DC
72,League,DC,LSG,LSG,Bowl,Arun Jaitley Stadium,42.85,Day,Rainy,Green,LWLWL,LLWLL,WWWLL,-1.46,-0.93,0,-5,162,4,161,7,LSG
73,League,RCB,KKR,RCB,Bowl,Eden Gardens,62.5,Night,Rainy,Dead,WWLLW,WLWLL,WLWLL,1.41,1.01,1,1,153,6,136,4,KKR
74,League,DC,RCB,DC,Bowl,M Chinnaswamy Stadium,42.85,Day,Cloudy,Dusty,WLLLL,WWLLW,LLLLW,0.01,1.73,-3,1,190,8,162,6,RCB
75,League,DC,GT,DC,Bowl,Arun Jaitley Stadium,62.26,Night,Humid,Green,WLLLL,WLWLL,WWLLW,-0.87,1.74,-5,0,147,4,175,7,GT
76,League,LSG,GT,GT,Bowl,Ekana Stadium,47.12,Day,Rainy,Dead,WLLLL,WWLLW,WLLLW,-0.95,1.8,-4,-2,190,8,188,6,GT
77,League,CSK,KKR,CSK,Bowl,MA Chidambaram Stadium,62.5,Day,Cloudy,Green,WWWWW,WWLLW,LLLWL,2.26,1.04,4,-1,161,4,161,8,CSK
78,League,LSG,CSK,CSK,Bat,MA Chidambaram Stadium,58.53,Day,Clear,Green,WLLLL,WWWWL,LWWLW,0.61,1.6,-3,4,179,8,198,8,LSG
79,League,KKR,MI,MI,Bat,Eden Gardens,62.26,Night,Cloudy,Dusty,WWLLW,WWWWL,LWLLW,1.22,2.25,-1,4,193,7,134,9,MI
80,League,MI,LSG,LSG,Bowl,Wankhede Stadium,71.21,Day,Humid,Dusty,WWWWL,LWLWL,WWLWW,1.71,-2.48,2,0,172,6,167,9,MI
81,Playoffs,DC,RCB,RCB,Bat,Arun Jaitley Stadium,58.53,Night,Humid,Green,LLWLL,WWLLW,WLLLL,0.32,1.7,0,2,138,6,188,6,DC
82,League,PBKS,MI,MI,Bowl,Wankhede Stadium,65.45,Day,Rainy,Green,LWLWL,WLWWW,WLLLL,0.81,2.95,-1,4,171,5,190,5,PBKS
83,League,DC,PBKS,PBKS,Bowl,Arun Jaitley Stadium,65.45,Day,Rainy,Dead,LLWLL,LLLWL,WLLLW,0.22,-1.01,-1,-4,175,9,178,9,PBKS
84,League,RR,KKR,KKR,Bowl,Sawai Mansingh Stadium,54,Night,Humid,Dead,WWLLW,WWLLW,WWLLW,0.01,1.05,-3,-2,138,6,184,6,RR
85,League,RR,CSK,RR,Bowl,Sawai Mansingh Stadium,54,Day,Humid,Dusty,WWLLW,WWLWW,WWWWL,-1.42,2.96,0,3,160,8,134,5,RR
86,League,LSG,SRH,SRH,Bowl,Rajiv Gandhi International Stadium,62.5,Day,Cloudy,Dusty,LWLWL,LWWLW,WLLWW,-2.25,-2.2,-4,-3,158,7,154,4,SRH
87,League,RCB,DC,RCB,Bat,M Chinnaswamy Stadium,42.85,Night,Humid,Dead,WLWLL,LLLWL,WWWLL,0.71,0.28,-2,-1,135,8,175,7,RCB
88,League,CSK,RR,CSK,Bowl,MA Chidambaram Stadium,54,Day,Humid,Dusty,WWWWW,WWLLW,WLWWL,1.6,0.36,3,-1,134,9,146,8,CSK
89,League,SRH,MI,MI,Bat,Wankhede Stadium,62.26,Day,Clear,Dead,WLWLW,WWWWW,LWWWW,0.08,2.8,0,2,174,6,169,6,SRH
90,League,PBKS,DC,PBKS,Bat,Mohali,47.12,Night,Clear,Dusty,LLWLL,LLWLL,WWLLL,0.43,-2.89,-3,-4,194,7,162,6,PBKS
91,League,PBKS,KKR,KKR,Bowl,Eden Gardens,71.21,Night,Cloudy,Dead,LWLWL,WLWLW,LLWLW,-2.66,1.67,-5,-1,160,9,174,5,PBKS
92,League,DC,RR,RR,Bat,Arun Jaitley Stadium,54,Night,Humid,Green,WLLLL,WLWLL,WWLLL,-0.92,-1.09,-3,-3,171,6,164,9,DC
93,Playoffs,DC,SRH,DC,Bowl,Arun Jaitley Stadium,65.45,Day,Cloudy,Dead,LLWLL,LWWLW,LLLWW,0.89,0.8,0,-5,194,4,146,7,DC
94,League,MI,RR,MI,Bat,Sawai Mansingh Stadium,62.26,Day,Clear,Dusty,WWWWW,WLWLW,WLWWW,1.59,-0.22,3,-3,191,5,137,9,RR
95,League,PBKS,CSK,PBKS,Bowl,Mohali,71.21,Night,Cloudy,Dead,LLLWL,WWWWW,LLLLW,-0.3,2.13,-1,4,134,5,163,5,PBKS
96,League,MI,CSK,CSK,Bowl,Wankhede Stadium,54,Day,Cloudy,Green,WWWWW,WWWWL,WLWLW,1.66,2.8,2,4,131,5,182,8,MI
97,League,DC,RR,DC,Bat,Arun Jaitley Stadium,71.21,Day,Clear,Green,LWLWL,WWLLW,LLLWW,-0.33,0.95,0,0,195,6,186,5,DC
98,League,CSK,SRH,SRH,Bat,MA Chidambaram Stadium,71.21,Night,Humid,Dead,WWLWW,WWLLW,LWWWL,2.75,-1.85,2,-5,173,6,175,4,SRH
99,League,CSK,KKR,CSK,Bowl,MA Chidambaram Stadium,71.21,Day,Rainy,Dusty,WWLWW,WLWLW,WLWWL,1.54,1.69,4,2,137,8,133,7,CSK
100,League,RR,RCB,RCB,Bowl,M Chinnaswamy Stadium,54,Day,Cloudy,Dusty,WWLLW,WWLLW,LWLLL,-2.72,0.52,-2,1,173,6,134,4,RCB
101,League,MI,GT,GT,Bat,Wankhede Stadium,71.21,Night,Clear,Dusty,WLWWW,WWLLW,WLWWL,2.88,0.82,2,2,140,7,151,6,GT
102,League,PBKS,LSG,PBKS,Bowl,Mohali,65.45,Day,Cloudy,Dead,WLLLL,LLLWL,WWLWL,-0.52,-1.96,-2,-3,150,6,172,6,LSG
103,Playoffs,PBKS,DC,DC,Bat,Mohali,42.85,Day,Cloudy,Dusty,LLWLL,WLLLL,LLWWW,0.65,-1.19,-3,-1,181,9,183,7,DC
104,League,DC,GT,DC,Bat,Arun Jaitley Stadium,62.26,Night,Clear,Green,LLLWL,LWWLW,WWWWW,-1.95,0.97,-2,-1,191,4,171,4,DC
105,League,DC,PBKS,PBKS,Bat,Arun Jaitley Stadium,65.45,Day,Rainy,Green,WLLLL,LLLWL,LLLWL,-1.59,-2.07,-2,-5,199,5,148,5,DC
106,League,DC,MI,MI,Bat,Arun Jaitley Stadium,62.26,Night,Clear,Dead,LWLWL,WWLWW,LWWLL,0.64,1.52,-2,4,178,9,194,6,DC
107,League,GT,KKR,GT,Bowl,Narendra Modi Stadium,54,Night,Cloudy,Dusty,LWWLW,WLWLW,WWLLL,1.33,1.62,0,-2,176,9,168,4,KKR
108,League,CSK,DC,CSK,Bowl,Arun Jaitley Stadium,42.85,Day,Clear,Green,WWWWW,WLLLL,WLLWL,2.57,0.84,4,-4,173,4,134,5,CSK
109,League,DC,CSK,CSK,Bowl,MA Chidambaram Stadium,65.45,Day,Clear,Dead,WLLLL,WWWWW,WLLLL,-0.83,2.27,-2,2,138,8,178,4,CSK
110,League,MI,RR,RR,Bat,Wankhede Stadium,47.12,Night,Cloudy,Dead,WLWWW,LWWLW,LLLWL,1.59,-0.52,2,-5,180,8,179,9,MI
111,League,GT,RR,GT,Bat,Sawai Mansingh Stadium,54,Day,Rainy,Dead,WLWLL,WLWLL,WWLLW,1.57,-2.41,2,0,196,7,142,7,GT
112,Playoffs,MI,CSK,CSK,Bat,Wankhede Stadium,71.21,Night,Humid,Dusty,WWWWL,WLWWW,LLWLL,2.58,2.91,4,3,196,5,138,5,CSK
113,Finals,SRH,DC,DC,Bowl,Rajiv Gandhi International Stadium,62.5,Night,Rainy,Green,WLWLW,LLLWL,LLLWL,0.68,-0.05,-2,-1,146,5,153,6,DC
114,League,SRH,KKR,SRH,Bowl,Eden Gardens,42.85,Night,Rainy,Dusty,LWWLW,WWLLW,LWWWL,-2.44,1.94,-4,2,189,5,147,8,KKR
115,League,LSG,MI,MI,Bat,Ekana Stadium,71.21,Night,Cloudy,Green,WLLLL,WWWWL,WWLLW,-0.32,1.9,0,2,175,4,196,9,MI
116,Playoffs,KKR,RCB,RCB,Bat,Eden Gardens,65.45,Day,Cloudy,Dusty,WLWLW,WLWLW,WWWLL,1.96,1.81,2,-2,173,7,168,8,KKR
117,League,DC,GT,DC,Bat,Narendra Modi Stadium,58.53,Day,Clear,Dead,LLWLL,WLWLL,WWWWW,-1.12,1.31,-3,0,179,7,176,5,DC
118,League,RCB,CSK,CSK,Bowl,M Chinnaswamy Stadium,71.21,Day,Humid,Dusty,WWLLW,WWWWW,WLWLW,1.68,2.15,-1,2,150,4,140,4,CSK
119,League,MI,KKR,KKR,Bowl,Eden Gardens,71.21,Night,Rainy,Green,WWWWW,LWWLW,LLWWW,2.57,1.31,2,-2,131,4,132,7,MI
120,Playoffs,GT,KKR,KKR,Bat,Narendra Modi Stadium,54,Night,Rainy,Dusty,WLWLW,LWWLW,LWWWL,0.68,0.67,0,2,175,4,155,8,GT
121,League,RR,GT,RR,Bowl,Narendra Modi Stadium,65.45,Day,Humid,Dead,LWWLW,WWLLW,LLWLL,-0.43,0.88,-5,2,175,9,151,6,GT
122,League,RCB,GT,RCB,Bowl,Narendra Modi Stadium,65.45,Day,Humid,Dead,LWWLW,LWWLW,LWWWL,1.29,1.95,-2,-1,179,8,190,9,GT
123,League,GT,RR,RR,Bat,Sawai Mansingh Stadium,62.26,Night,Humid,Dead,LWWLW,WLWLL,LLLLL,1.28,-2.95,0,-5,179,6,193,5,RR
124,Playoffs,LSG,DC,LSG,Bat,Ekana Stadium,42.85,Day,Clear,Dusty,LWLWL,LLWLL,LLLLL,0.48,-0.52,-5,-4,177,7,176,7,DC
125,League,DC,RCB,RCB,Bowl,M Chinnaswamy Stadium,62.26,Day,Clear,Dead,WLLLL,WWLLW,WWWWW,-2.58,1.21,0,1,185,8,177,6,RCB
126,League,DC,RCB,RCB,Bat,Arun Jaitley Stadium,71.21,Day,Cloudy,Dead,LLLWL,LWWLW,LLWWL,0.08,1.31,-5,1,165,5,184,9,DC
127,League,RCB,CSK,CSK,Bowl,MA Chidambaram Stadium,47.12,Day,Clear,Green,WWLLW,WWWWW,WLWLW,1.66,1.63,0,2,139,9,191,9,CSK
128,League,DC,KKR,KKR,Bowl,Eden Gardens,58.53,Night,Clear,Dusty,LLLWL,LWWLW,WLWWW,0.56,1.44,-3,-2,195,8,164,9,KKR
129,League,RR,CSK,CSK,Bowl,MA Chidambaram Stadium,71.21,Day,Cloudy,Dead,LWWLW,WWWWW,WWLWW,-0.63,2.8,-5,2,140,8,184,6,CSK
130,League,LSG,KKR,LSG,Bat,Ekana Stadium,47.12,Night,Humid,Dead,LLLWL,WLWLW,WWWLL,-1.91,1.65,-4,2,193,8,144,7,KKR
131,League,KKR,LSG,LSG,Bat,Eden Gardens,42.85,Day,Rainy,Green,LWWLW,LLLWL,WLWWL,1.63,0.71,0,-3,143,6,176,8,LSG
132,League,PBKS,SRH,SRH,Bat,Mohali,62.26,Day,Clear,Dead,LLWLL,WWLLW,WWLLW,-0.31,-1.01,-5,-3,156,7,174,5,SRH
133,League,LSG,RCB,LSG,Bat,M Chinnaswamy Stadium,47.12,Night,Humid,Green,LLWLL,LWWLW,WLWWL,0.69,1.08,-2,1,184,6,141,5,LSG
134,League,DC,GT,DC,Bat,Arun Jaitley Stadium,62.5,Day,Humid,Green,WLLLL,WLWLW,WLLWW,-1.66,1.75,-4,-1,162,7,190,9,GT
135,League,GT,CSK,GT,Bowl,MA Chidambaram Stadium,62.26,Night,Rainy,Green,WLWLW,WLWWW,WLLWW,1.61,2.18,-2,2,169,5,131,6,CSK
136,League,RCB,MI,RCB,Bowl,M Chinnaswamy Stadium,58.53,Day,Humid,Dead,LWWLW,WLWWW,WWWWW,1.12,2.38,-1,3,141,9,145,9,RCB
137,League,SRH,PBKS,SRH,Bat,Rajiv Gandhi International Stadium,58.53,Night,Rainy,Dead,WWLLW,LLLWL,LWWLL,-1.19,-0.51,-4,-1,193,7,142,6,PBKS
138,League,DC,KKR,KKR,Bowl,Eden Gardens,58.53,Day,Rainy,Dusty,LWLWL,WLWLL,WWWLL,-1.02,1.73,-1,2,186,6,177,9,DC
139,League,CSK,RR,RR,Bat,Sawai Mansingh Stadium,65.45,Night,Rainy,Dead,WLWWW,WWLLW,WWLWL,1.61,-2.76,4,-3,140,8,165,7,CSK
140,League,KKR,MI,KKR,Bat,Eden Gardens,71.21,Night,Cloudy,Dusty,WLWLL,WWLWW,LLLLW,1.06,2.37,-1,4,135,8,130,8,KKR
141,Playoffs,PBKS,SRH,PBKS,Bowl,Rajiv Gandhi International Stadium,62.26,Night,Humid,Green,LLWLL,WLWLL,WLWLW,-1.72,-2.97,-2,-3,148,7,148,6,PBKS
142,League,MI,SRH,SRH,Bowl,Wankhede Stadium,54,Day,Humid,Green,WWLWW,WLWLW,WWWWL,2.08,-0.79,3,-2,184,4,185,5,MI
143,League,SRH,RR,SRH,Bowl,Rajiv Gandhi International Stadium,54,Night,Rainy,Green,WLWLL,WLWLL,LLWLL,-0.43,0.24,0,0,149,6,161,6,SRH
144,League,RR,KKR,KKR,Bat,Sawai Mansingh Stadium,65.45,Day,Rainy,Dead,WLWLL,LWWLW,LWWWW,0.45,0.87,0,0,189,7,165,8,RR
145,League,GT,KKR,KKR,Bowl,Narendra Modi Stadium,62.5,Night,Cloudy,Dusty,WLWLW,WWLLW,LWLLW,1.19,0.97,-2,2,160,5,184,8,GT
146,League,RR,CSK,RR,Bat,MA Chidambaram Stadium,62.26,Night,Rainy,Dusty,LWWLW,WWWWW,LLLLL,-1.46,2.95,-1,3,135,8,138,6,RR
147,League,RR,SRH,RR,Bowl,Rajiv Gandhi International Stadium,58.53,Night,Clear,Dusty,LWWLW,WWLLW,LLLLL,-1.63,-2.63,0,-3,146,4,170,4,RR
148,Playoffs,DC,LSG,LSG,Bat,Arun Jaitley Stadium,54,Day,Rainy,Dead,LWLWL,LWLWL,LLLLW,-1.42,-1.3,-4,-4,190,7,177,9,DC
149,League,CSK,PBKS,PBKS,Bat,Mohali,65.45,Night,Cloudy,Dead,WWWWW,LWLWL,WWLWL,1.83,-1.21,3,-3,138,5,178,4,PBKS
150,League,GT,RR,RR,Bat,Narendra Modi Stadium,62.26,Night,Rainy,Green,WLWLW,WLWLW,LWWLW,1.34,-0.36,1,0,166,5,186,6,RR
151,League,RCB,GT,RCB,Bat,M Chinnaswamy Stadium,65.45,Day,Clear,Dusty,WLWLW,LWWLW,LWLLW,1.93,1.74,-2,2,162,9,132,8,GT
152,League,PBKS,RCB,PBKS,Bowl,M Chinnaswamy Stadium,58.53,Night,Rainy,Dusty,LLWLL,WWLLW,LLLLL,-0.83,0.57,-4,2,139,4,193,7,PBKS
153,League,GT,MI,MI,Bowl,Narendra Modi Stadium,62.5,Night,Humid,Dusty,WLWLW,WWLWW,LWWWW,1.08,2.81,2,4,131,7,174,7,GT
154,League,MI,DC,MI,Bat,Wankhede Stadium,62.26,Night,Cloudy,Green,WWLWW,LWLWL,LLLLW,2.02,0.81,3,0,175,6,137,8,MI
155,League,KKR,RCB,RCB,Bowl,Eden Gardens,71.21,Day,Cloudy,Dusty,WLWLW,WLWLW,LWWWL,1.03,1.83,-2,1,136,5,187,4,RCB
156,League,RR,DC,RR,Bat,Arun Jaitley Stadium,65.45,Night,Cloudy,Green,WLWLW,LLLWL,LWLWW,0.18,-2.12,0,-4,191,9,171,4,DC
157,League,KKR,DC,KKR,Bat,Eden Gardens,71.21,Night,Clear,Green,WLWLL,LLWLL,LWWLW,1.91,-1.56,-2,-1,161,9,184,7,DC
158,League,LSG,DC,DC,Bat,Ekana Stadium,54,Day,Rainy,Dusty,LWLWL,LLWLL,WWWWW,-1.88,-0.44,-5,0,197,5,194,8,LSG
159,Playoffs,DC,KKR,KKR,Bat,Arun Jaitley Stadium,54,Day,Humid,Green,WLLLL,WWLLW,LWWLL,0.83,0.9,-2,0,196,6,197,6,DC
160,League,RCB,LSG,LSG,Bat,Ekana Stadium,42.85,Night,Clear,Dusty,WLWLW,WLLLL,WWWLL,0.74,-1.69,0,0,149,9,179,8,RCB
161,League,RR,DC,DC,Bat,Sawai Mansingh Stadium,58.53,Night,Cloudy,Green,LWWLW,WLLLL,WLLWL,0.44,-0.5,0,-1,146,7,161,7,RR
162,League,KKR,CSK,CSK,Bowl,MA Chidambaram Stadium,54,Night,Clear,Dead,LWWLW,WWLWW,LLLWW,1.9,1.79,-2,4,149,8,140,4,KKR
163,League,MI,LSG,LSG,Bat,Ekana Stadium,54,Day,Rainy,Dead,WWWWW,LLLWL,LWWWL,2.86,-0.26,2,-4,164,5,193,4,MI
164,League,SRH,LSG,SRH,Bowl,Rajiv Gandhi International Stadium,71.21,Day,Rainy,Dead,WLWLL,LLLWL,WWWLL,-2.65,-0.81,0,-4,134,4,159,7,SRH
165,League,KKR,DC,KKR,Bat,Eden Gardens,42.85,Night,Cloudy,Dead,LWWLW,LWLWL,WLWWW,1.81,-2.56,0,-3,195,6,169,6,DC
166,League,DC,RR,DC,Bat,Arun Jaitley Stadium,71.21,Day,Cloudy,Dusty,LLWLL,WWLLW,LWWLL,-1.18,-2.46,0,-2,178,5,140,8,RR
167,League,KKR,MI,MI,Bowl,Eden Gardens,54,Night,Humid,Dead,LWWLW,WWWWL,WWLLL,1.99,2.79,-1,2,173,8,181,4,KKR
168,League,SRH,RR,SRH,Bat,Rajiv Gandhi International Stadium,62.26,Day,Rainy,Dead,WWLLW,WWLLW,WLLLL,0.8,-2.27,0,-2,139,4,145,9,RR
169,Playoffs,KKR,RR,RR,Bat,Eden Gardens,58.53,Day,Humid,Green,WWLLW,WLWLL,WLLWW,1.72,-1.39,0,-5,177,6,140,8,RR
170,League,MI,RR,MI,Bat,Sawai Mansingh Stadium,42.85,Night,Humid,Green,WLWWW,WWLLW,WLWWW,2.97,0.81,3,-3,143,7,175,9,MI
171,League,KKR,PBKS,PBKS,Bowl,Mohali,62.5,Night,Humid,Dead,LWWLW,LLWLL,LWLWW,0.97,-2.42,1,-5,139,8,165,6,KKR
172,League,RR,LSG,RR,Bowl,Sawai Mansingh Stadium,62.5,Day,Cloudy,Green,LWWLW,LLWLL,LWWWL,0.81,0.64,-5,-4,158,6,170,9,LSG
173,League,SRH,PBKS,SRH,Bat,Rajiv Gandhi International Stadium,62.5,Day,Clear,Green,WLWLL,LLWLL,LWLWL,0.66,-2.06,-1,-1,179,4,154,6,SRH
174,League,RCB,GT,RCB,Bat,M Chinnaswamy Stadium,71.21,Night,Clear,Dusty,WLWLW,LWWLW,LWWLW,1.03,1.14,-1,-2,190,9,165,6,GT
175,Playoffs,MI,CSK,MI,Bat,Wankhede Stadium,65.45,Night,Humid,Dusty,WWLWW,WWLWW,LLLLW,2.26,1.6,3,3,163,9,192,5,CSK
176,League,SRH,GT,GT,Bowl,Rajiv Gandhi International Stadium,58.53,Day,Clear,Dead,LWWLW,WWLLW,LWWWW,-1.14,1.63,-2,2,184,5,175,4,GT
177,Playoffs,RR,MI,RR,Bat,Sawai Mansingh Stadium,54,Night,Humid,Dead,WLWLW,WLWWW,LWLLW,0.56,1.98,-1,3,145,5,149,4,RR
178,League,PBKS,LSG,LSG,Bowl,Ekana Stadium,65.45,Day,Humid,Dead,LLLWL,LLLWL,LWLWW,0.15,-0.83,-1,-4,198,8,178,9,PBKS
179,League,DC,RR,DC,Bat,Sawai Mansingh Stadium,54,Night,Clear,Green,LLWLL,WLWLL,LWLWW,0.99,0.37,-2,-1,177,9,189,8,DC
180,League,MI,PBKS,PBKS,Bowl,Mohali,58.53,Day,Clear,Dead,WLWWW,LWLWL,LLWLL,2.34,-1.76,4,-2,169,5,138,9,PBKS
181,League,KKR,DC,DC,Bowl,Eden Gardens,42.85,Night,Humid,Dusty,WLWLW,LLLWL,LWWLL,1.44,-2.83,2,-2,150,9,196,8,DC
182,League,KKR,RCB,RCB,Bat,Eden Gardens,62.5,Night,Cloudy,Dusty,LWWLW,WLWLW,LLLLW,1.09,0.79,2,0,143,4,135,4,RCB
183,League,CSK,GT,CSK,Bowl,MA Chidambaram Stadium,71.21,Night,Rainy,Dead,WWLWW,WLWLW,WLLLW,1.97,1.89,3,-2,177,6,131,6,GT
184,League,GT,SRH,SRH,Bat,Rajiv Gandhi International Stadium,62.26,Day,Cloudy,Dead,WLWLL,WLWLW,WWWLL,0.59,0.3,0,0,161,4,167,5,GT
185,League,SRH,MI,SRH,Bat,Rajiv Gandhi International Stadium,62.26,Night,Clear,Dead,WLWLL,WWLWW,WLWLL,-2.13,1.82,-4,3,148,9,157,6,SRH
186,League,DC,PBKS,DC,Bowl,Arun Jaitley Stadium,71.21,Night,Cloudy,Green,LLLWL,LWLWL,LWWWW,-1.29,-0.61,-4,-4,152,4,166,4,DC
187,League,RCB,DC,RCB,Bat,Arun Jaitley Stadium,58.53,Day,Cloudy,Dead,LWWLW,LLWLL,LLWLW,1.28,-1.41,1,-2,176,5,193,5,RCB
188,League,SRH,CSK,CSK,Bat,Rajiv Gandhi International Stadium,58.53,Night,Clear,Green,LWWLW,WWLWW,WLWLW,-1.03,2.64,-4,3,182,6,177,8,CSK
189,League,SRH,KKR,KKR,Bat,Eden Gardens,65.45,Night,Rainy,Green,WLWLL,WWLLW,WWWWW,-2.86,0.63,-3,0,163,6,198,9,SRH
190,League,DC,PBKS,DC,Bowl,Mohali,65.45,Day,Cloudy,Green,LLLWL,LWLWL,WLWWL,-2.21,-1.03,-3,-3,164,8,189,4,DC
191,League,KKR,MI,MI,Bowl,Eden Gardens,42.85,Day,Humid,Dusty,WLWLL,WWLWW,WWLLW,0.54,2.34,1,2,162,6,187,5,KKR
192,League,SRH,MI,MI,Bat,Wankhede Stadium,62.26,Night,Humid,Dead,WWLLW,WWWWL,LLWWL,-2.88,1.64,-4,2,173,8,171,8,MI
193,Playoffs,CSK,RR,RR,Bowl,MA Chidambaram Stadium,47.12,Day,Clear,Dusty,WLWWW,WLWLW,LLLLL,2.79,-0.41,2,-2,150,6,166,9,RR
194,League,KKR,SRH,KKR,Bowl,Rajiv Gandhi International Stadium,62.5,Day,Rainy,Dead,WLWLW,LWWLW,LWWLL,1.75,-1.43,-2,-3,163,4,161,5,KKR
195,League,RCB,RR,RR,Bowl,Sawai Mansingh Stadium,62.26,Night,Rainy,Dusty,WLWLL,WLWLL,WLWLL,1.72,0.39,0,-3,182,9,139,4,RR
196,League,CSK,MI,MI,Bat,MA Chidambaram Stadium,62.26,Day,Rainy,Green,WWLWW,WWWWW,WLWWW,2.78,1.78,3,3,171,4,199,5,CSK
197,League,CSK,KKR,CSK,Bat,MA Chidambaram Stadium,58.53,Night,Rainy,Dead,WWWWW,WLWLW,LWWWL,2.46,1.82,2,0,169,5,166,5,KKR
198,League,DC,RR,DC,Bat,Arun Jaitley Stadium,58.53,Night,Cloudy,Dead,LLLWL,LWWLW,LWWWL,-2.06,-1.08,-4,-4,174,6,181,7,DC
199,League,KKR,MI,MI,Bat,Eden Gardens,65.45,Night,Humid,Dead,WLWLW,WWWWL,WWWWL,0.99,2.52,-2,2,182,5,188,9,MI
200,League,PBKS,MI,PBKS,Bowl,Wankhede Stadium,54,Night,Humid,Dead,LLLWL,WWLWW,LLLWL,-0.16,2.84,-4,2,172,8,183,5,MI
201,League,MI,LSG,LSG,Bat,Ekana Stadium,47.12,Day,Clear,Green,WLWWW,LLLWL,LLWLL,2.77,-1.86,2,0,174,5,167,7,LSG
202,League,GT,PBKS,PBKS,Bowl,Narendra Modi Stadium,54,Day,Clear,Green,WLWLW,LLLWL,WWLWW,1.14,-2.89,0,0,162,4,194,7,GT
203,League,MI,SRH,SRH,Bowl,Rajiv Gandhi International Stadium,54,Night,Clear,Dusty,WWWWW,WLWLW,LWWWL,2.69,0.34,4,-2,186,7,177,7,SRH
204,Finals,KKR,PBKS,KKR,Bat,Eden Gardens,71.21,Day,Clear,Dead,LWWLW,LLLWL,WLWLL,1.98,-1.77,1,-2,167,9,191,4,PBKS
205,League,MI,DC,MI,Bat,Arun Jaitley Stadium,58.53,Day,Humid,Green,WWWWL,LLLWL,WWLLL,2.8,-2.27,4,-1,186,6,179,5,DC
206,Playoffs,LSG,PBKS,PBKS,Bowl,Ekana Stadium,58.53,Night,Humid,Dead,LWLWL,LWLWL,WLLLL,-2.14,-0.72,-4,-5,186,5,176,6,LSG
207,League,LSG,CSK,LSG,Bat,MA Chidambaram Stadium,65.45,Night,Humid,Dusty,LWLWL,WWWWL,WLWWL,-2.95,2.53,-3,3,136,7,177,6,CSK
208,League,GT,DC,DC,Bowl,Narendra Modi Stadium,58.53,Day,Cloudy,Dusty,WLWLW,WLLLL,WLWLW,0.54,-0.5,0,-1,181,9,137,7,GT
209,League,KKR,MI,KKR,Bowl,Eden Gardens,42.85,Night,Humid,Green,LWWLW,WWLWW,LWLLW,1.36,1.99,-1,4,157,8,146,6,MI
210,League,KKR,PBKS,PBKS,Bowl,Eden Gardens,58.53,Night,Rainy,Dusty,WLWLW,WLLLL,LWWLW,1.29,-0.9,0,0,177,7,142,7,KKR
211,League,GT,PBKS,GT,Bowl,Narendra Modi Stadium,62.26,Day,Cloudy,Dusty,WLWLW,LLLWL,LWLLL,1.19,0.33,-2,-1,195,4,156,5,GT
212,League,CSK,DC,CSK,Bat,Arun Jaitley Stadium,62.5,Night,Cloudy,Green,WWLWW,LLWLL,LWWLL,2.38,0.54,4,0,168,9,162,4,CSK
213,League,GT,RCB,GT,Bat,M Chinnaswamy Stadium,54,Night,Clear,Green,WWLLW,WWLLW,WLWLW,1.86,0.73,-1,-1,160,8,150,6,GT
214,League,GT,DC,GT,Bat,Narendra Modi Stadium,42.85,Night,Cloudy,Dead,WWLLW,LLLWL,LLLLL,0.55,-1.11,0,-2,131,6,159,9,GT
215,Playoffs,RCB,RR,RCB,Bat,M Chinnaswamy Stadium,71.21,Day,Rainy,Dead,WLWLW,LWWLW,WLWWL,0.92,0.41,2,-2,166,5,135,6,RR
216,League,CSK,SRH,SRH,Bat,MA Chidambaram Stadium,47.12,Night,Cloudy,Dead,WWWWW,LWWLW,WWLWL,1.87,-2.82,2,-4,178,4,161,8,SRH
217,League,RR,GT,GT,Bowl,Narendra Modi Stadium,62.26,Night,Clear,Green,WLWLL,WLWLW,LLWLW,-1.53,0.99,-1,-1,172,7,172,4,GT
218,League,SRH,PBKS,SRH,Bat,Mohali,58.53,Night,Humid,Green,WLWLL,WLLLL,WWWWW,0.53,0,-4,-5,158,4,199,8,SRH
219,League,CSK,RR,CSK,Bat,Sawai Mansingh Stadium,71.21,Day,Rainy,Dusty,WLWWW,WLWLW,LWLLL,2.96,-0.94,4,-3,174,5,169,4,CSK
220,Playoffs,SRH,RCB,RCB,Bowl,M Chinnaswamy Stadium,58.53,Day,Humid,Green,WLWLL,WWLLW,WWWWL,0.17,1.89,-2,0,161,8,192,4,RCB
221,League,PBKS,RR,RR,Bowl,Sawai Mansingh Stadium,42.85,Day,Humid,Dead,WLLLL,WLWLW,WLLLL,-2.49,-1.12,-1,-3,187,4,174,9,RR
222,League,RR,RCB,RR,Bat,Sawai Mansingh Stadium,47.12,Night,Humid,Green,WWLLW,WLWLL,LLLWW,-0.51,1.3,-2,-2,197,5,184,4,RR
223,League,KKR,GT,KKR,Bat,Narendra Modi Stadium,58.53,Night,Clear,Green,WLWLL,WLWLL,LLWWW,0.96,0.51,-2,2,149,4,140,8,KKR
224,League,RCB,SRH,RCB,Bat,Rajiv Gandhi International Stadium,62.26,Night,Cloudy,Dead,LWWLW,WLWLL,WLWWL,1.89,-0.21,2,0,144,5,140,8,RCB
225,League,LSG,RR,LSG,Bat,Ekana Stadium,71.21,Day,Rainy,Dead,LLLWL,WLWLW,LWLLW,-1.04,0.12,-4,0,143,5,166,8,LSG
226,League,DC,SRH,SRH,Bowl,Rajiv Gandhi International Stadium,65.45,Night,Rainy,Dead,LLLWL,WLWLW,WWWWW,-0.57,0.88,-1,-5,156,7,146,5,SRH
227,League,PBKS,RCB,PBKS,Bowl,M Chinnaswamy Stadium,65.45,Night,Rainy,Green,WLLLL,WLWLL,WLWWW,-2.58,1.73,-3,2,161,9,143,5,PBKS
228,League,CSK,SRH,CSK,Bat,MA Chidambaram Stadium,42.85,Night,Humid,Dusty,WWWWW,WLWLL,LWLLL,2.99,0.11,3,-2,163,6,186,8,SRH
229,League,DC,KKR,DC,Bowl,Arun Jaitley Stadium,65.45,Day,Rainy,Green,LLLWL,WLWLW,WWLWW,0.33,1.9,-1,-2,135,6,172,6,KKR
230,League,GT,RR,RR,Bowl,Narendra Modi Stadium,62.5,Night,Rainy,Dead,WLWLL,LWWLW,WWWWL,1.31,-1.13,-2,-4,136,4,189,4,GT
231,League,DC,LSG,LSG,Bowl,Ekana Stadium,65.45,Day,Humid,Dead,WLLLL,LLLWL,LLLWL,-0.11,0.79,-4,-1,151,5,197,4,LSG
232,League,KKR,GT,GT,Bat,Eden Gardens,62.5,Day,Humid,Dead,WLWLW,WLWLL,LWLLW,1.58,0.67,-2,-1,176,5,130,9,KKR
233,League,PBKS,RCB,RCB,Bowl,Mohali,65.45,Night,Cloudy,Dead,LLLWL,WLWLL,WWLWW,-0.85,0.54,-1,0,178,5,144,8,RCB
234,League,RR,LSG,RR,Bat,Ekana Stadium,42.85,Day,Rainy,Dusty,WLWLL,WLLLL,WLLWW,-2.03,-1.31,-3,-4,180,8,136,9,RR
235,League,DC,SRH,SRH,Bat,Rajiv Gandhi International Stadium,42.85,Day,Clear,Green,LLWLL,WLWLW,LLLWL,0.28,-1.79,-1,-2,173,7,166,6,DC
236,Playoffs,MI,GT,GT,Bowl,Narendra Modi Stadium,62.26,Night,Rainy,Dead,WWLWW,WWLLW,WLWLL,1.98,0.83,4,-2,192,9,166,8,MI
237,League,RCB,DC,DC,Bat,Arun Jaitley Stadium,62.26,Day,Cloudy,Dusty,WLWLL,LLLWL,LWWWW,0.7,-2.46,2,-2,152,4,188,5,DC
238,League,LSG,DC,DC,Bowl,Ekana Stadium,58.53,Night,Cloudy,Dusty,LLWLL,LLLWL,WLLWW,-0.62,-2.42,0,-5,179,5,180,7,LSG
239,League,PBKS,RR,PBKS,Bowl,Sawai Mansingh Stadium,62.5,Night,Cloudy,Green,LWLWL,WLWLW,WWWLW,-0.6,-2.6,-5,-2,168,4,166,6,RR
240,League,SRH,MI,SRH,Bowl,Wankhede Stadium,42.85,Day,Cloudy,Dusty,WLWLW,WWWWW,LWWWW,0.47,2.58,-5,2,162,5,144,7,SRH
241,League,PBKS,DC,DC,Bowl,Arun Jaitley Stadium,62.26,Night,Cloudy,Dusty,LWLWL,LLLWL,LLWLW,-0.2,0.14,0,-3,171,4,138,6,PBKS
242,League,RR,SRH,RR,Bowl,Sawai Mansingh Stadium,65.45,Day,Humid,Dead,WLWLW,WLWLW,WWWWL,-0.01,0.24,0,-2,135,8,181,5,RR
243,League,GT,SRH,SRH,Bat,Rajiv Gandhi International Stadium,42.85,Day,Humid,Green,WLWLL,WLWLW,LLLWL,0.69,-2.22,0,-1,193,9,165,7,SRH
244,League,RCB,MI,RCB,Bowl,M Chinnaswamy Stadium,47.12,Day,Rainy,Green,LWWLW,WWLWW,LWLLW,1.18,1.53,2,3,157,4,147,4,MI
245,League,PBKS,LSG,LSG,Bat,Ekana Stadium,58.53,Night,Cloudy,Dusty,LLLWL,WLLLL,WLLWW,-2.67,0.23,-3,-5,154,6,162,5,LSG
246,League,DC,SRH,SRH,Bowl,Rajiv Gandhi International Stadium,62.5,Night,Humid,Dusty,LWLWL,WLWLW,WWLLL,-2.25,-0.72,-5,-3,162,4,168,4,DC
247,League,GT,DC,GT,Bowl,Arun Jaitley Stadium,62.5,Night,Rainy,Dead,LWWLW,LLWLL,WLLLW,0.56,0.64,0,0,181,8,176,7,DC
248,League,CSK,RR,RR,Bat,Sawai Mansingh Stadium,42.85,Day,Rainy,Dead,WWWWL,WLWLW,LWLLW,2.37,-0.26,2,-1,193,4,177,5,RR
249,League,DC,GT,GT,Bowl,Arun Jaitley Stadium,62.26,Day,Clear,Green,LLWLL,WLWLL,WLWLW,-2.63,1.72,-1,0,149,8,164,7,GT
250,League,SRH,PBKS,PBKS,Bowl,Mohali,65.45,Night,Cloudy,Dead,WLWLL,LWLWL,WLLLW,0.35,0.87,-1,-3,150,5,185,8,PBKS
251,League,RR,LSG,LSG,Bat,Sawai Mansingh Stadium,42.85,Day,Clear,Green,LWWLW,WLLLL,WLLLL,-2.35,-0.27,-3,-4,160,4,176,4,LSG
252,League,LSG,GT,LSG,Bowl,Narendra Modi Stadium,58.53,Night,Humid,Green,LLWLL,WLWLW,LLWLL,-1.53,1.7,-5,2,180,5,138,7,LSG
253,League,LSG,KKR,LSG,Bowl,Eden Gardens,62.5,Day,Clear,Dusty,WLLLL,WWLLW,LLWLL,0.04,0.94,0,-1,170,9,172,7,LSG
254,Playoffs,GT,KKR,KKR,Bowl,Eden Gardens,62.5,Night,Clear,Dead,WWLLW,WWLLW,WWLWW,0.8,1.98,1,-2,144,6,169,9,GT
255,League,LSG,CSK,LSG,Bat,Ekana Stadium,54,Day,Cloudy,Dusty,LLLWL,WLWWW,LLWWW,-1.61,1.86,-1,4,162,5,180,4,LSG
256,League,LSG,CSK,CSK,Bowl,Ekana Stadium,62.5,Night,Rainy,Dusty,WLLLL,WWLWW,WLLWW,-0.57,2.66,-4,2,197,7,182,9,LSG
257,League,RR,RCB,RR,Bowl,Sawai Mansingh Stadium,42.85,Day,Humid,Dusty,LWWLW,WWLLW,WLLWW,-2.8,1.85,0,0,181,4,141,4,RR
258,League,RCB,SRH,SRH,Bat,Rajiv Gandhi International Stadium,62.26,Day,Humid,Green,WLWLL,LWWLW,LLWLL,1.41,-0.53,0,-3,157,8,193,9,RCB
259,League,PBKS,CSK,PBKS,Bat,Mohali,71.21,Day,Humid,Dusty,WLLLL,WLWWW,WLLWL,-1.88,2.75,0,3,165,4,162,4,CSK
260,League,PBKS,LSG,PBKS,Bowl,Ekana Stadium,71.21,Night,Humid,Dead,WLLLL,WLLLL,LLLWL,-2.64,-2.02,-1,-3,178,6,160,8,LSG
261,Playoffs,RR,LSG,LSG,Bat,Sawai Mansingh Stadium,65.45,Night,Cloudy,Dusty,WLWLL,LLLWL,WLLLL,-2.13,-0.83,-1,-4,182,4,184,4,RR
262,Playoffs,GT,CSK,CSK,Bowl,Narendra Modi Stadium,65.45,Day,Rainy,Dead,WLWLL,WWLWW,LLWLL,0.9,1.67,-1,3,137,5,176,4,CSK
263,League,RR,KKR,KKR,Bowl,Sawai Mansingh Stadium,42.85,Day,Humid,Green,WLWLL,WLWLW,WLWWW,-2.34,1.7,-4,2,195,5,154,8,RR
264,League,SRH,RR,RR,Bowl,Rajiv Gandhi International Stadium,71.21,Night,Cloudy,Dusty,WLWLL,WWLLW,WWWLL,0.01,-2.64,-5,0,197,7,189,9,SRH
265,League,LSG,DC,DC,Bowl,Ekana Stadium,42.85,Day,Cloudy,Dusty,LWLWL,LLLWL,LLWLW,-2.6,-0.89,-2,-4,188,8,166,8,LSG
266,League,CSK,LSG,CSK,Bat,Ekana Stadium,65.45,Night,Humid,Dead,WWWWW,LLWLL,LWLWW,1.85,-2.71,3,-2,130,7,180,5,LSG
267,League,RCB,LSG,LSG,Bat,Ekana Stadium,65.45,Night,Clear,Dead,WLWLL,LWLWL,LWWLL,1.05,-0.51,1,-4,180,8,190,5,RCB
268,Finals,RR,LSG,LSG,Bowl,Sawai Mansingh Stadium,54,Night,Humid,Dusty,WLWLW,LLLWL,LWWWW,0.92,0.33,-1,0,177,4,150,4,RR
269,League,CSK,MI,MI,Bowl,MA Chidambaram Stadium,54,Day,Clear,Dusty,WWWWL,WWLWW,WLLLW,2.71,2.55,3,4,154,6,135,9,MI
270,Playoffs,MI,LSG,MI,Bowl,Ekana Stadium,62.26,Night,Rainy,Green,WLWWW,LLWLL,LLLWL,2.52,0.01,3,-5,177,6,164,9,MI
271,Playoffs,CSK,PBKS,CSK,Bat,Mohali,58.53,Day,Rainy,Green,WWWWL,LWLWL,WWWLW,2.53,-0.91,3,0,163,4,174,4,PBKS
272,League,RR,LSG,LSG,Bat,Sawai Mansingh Stadium,54,Night,Cloudy,Green,WLWLL,LLWLL,LLWLW,-0.29,0.15,-3,-5,162,9,143,7,LSG
273,Playoffs,GT,LSG,GT,Bat,Ekana Stadium,54,Night,Rainy,Green,LWWLW,WLLLL,WWLLL,0.63,-1.29,2,-5,189,4,185,4,GT
274,Playoffs,MI,PBKS,PBKS,Bat,Mohali,65.45,Day,Humid,Dead,WWWWW,LLLWL,LWWLL,2.69,-1.95,4,-5,166,5,190,8,MI
275,Playoffs,CSK,DC,DC,Bat,Arun Jaitley Stadium,65.45,Night,Clear,Green,WWWWL,LLWLL,WLWLW,2.94,-2.8,3,0,169,7,170,7,CSK
276,League,RCB,GT,RCB,Bowl,M Chinnaswamy Stadium,54,Day,Humid,Green,LWWLW,WLWLW,WLLWL,1.05,0.72,-2,-2,134,6,177,6,RCB
277,League,SRH,DC,DC,Bowl,Arun Jaitley Stadium,65.45,Night,Clear,Green,WLWLW,LLLWL,WWLWW,0.23,-0.57,-2,-1,137,8,182,8,DC
278,League,SRH,CSK,SRH,Bat,Rajiv Gandhi International Stadium,54,Night,Clear,Dead,WLWLW,WWWWL,WLWWL,0.22,2.8,0,4,138,8,133,8,SRH
279,League,CSK,LSG,LSG,Bat,MA Chidambaram Stadium,58.53,Day,Rainy,Dead,WLWWW,LLWLL,WLWLL,2.44,-0.16,3,-1,198,6,139,5,LSG
280,League,KKR,SRH,KKR,Bowl,Eden Gardens,71.21,Night,Humid,Green,WWLLW,WLWLW,LWLWL,1.73,-1.94,0,0,169,4,142,8,SRH
281,League,RCB,RR,RR,Bowl,M Chinnaswamy Stadium,71.21,Night,Clear,Dead,WLWLW,WWLLW,WWLLW,0.79,0.15,2,-4,140,8,198,4,RCB
282,League,CSK,SRH,CSK,Bowl,Rajiv Gandhi International Stadium,62.5,Day,Clear,Dead,WLWWW,WLWLW,LLLLL,2.74,-2.03,3,-3,177,7,165,9,CSK
283,League,LSG,RCB,LSG,Bowl,M Chinnaswamy Stadium,42.85,Night,Clear,Green,LLWLL,WLWLW,LWLLL,-1.35,0.72,-5,-2,159,5,167,4,RCB
284,League,LSG,PBKS,LSG,Bowl,Mohali,62.26,Night,Humid,Green,LLLWL,LLLWL,LLWLL,-1.63,-2.48,-3,-2,179,7,169,7,LSG
285,Playoffs,RR,PBKS,PBKS,Bowl,Sawai Mansingh Stadium,62.5,Night,Humid,Dead,LWWLW,LLLWL,WWWWW,-2.26,-2.13,-1,-3,160,5,174,4,PBKS
286,League,DC,GT,GT,Bat,Narendra Modi Stadium,62.5,Night,Clear,Dusty,LLLWL,WLWLL,LWWWW,-1.94,1.93,-3,0,187,6,134,5,DC
287,Playoffs,RCB,GT,RCB,Bowl,M Chinnaswamy Stadium,65.45,Day,Humid,Dusty,LWWLW,LWWLW,WWLLW,0.59,0.87,1,1,168,5,164,4,GT
288,League,CSK,LSG,CSK,Bowl,Ekana Stadium,42.85,Night,Humid,Green,WWWWL,WLLLL,WWWWW,2.81,-0.6,3,-5,152,4,176,9,LSG
289,League,RCB,GT,GT,Bowl,M Chinnaswamy Stadium,62.5,Night,Rainy,Dusty,WLWLL,LWWLW,LLLLW,1.17,0.78,2,-1,189,6,173,6,RCB
290,League,GT,KKR,GT,Bat,Eden Gardens,58.53,Night,Clear,Green,WLWLW,WWLLW,LWLLW,1.56,0.67,-2,2,131,4,168,7,KKR
291,League,RCB,RR,RR,Bat,M Chinnaswamy Stadium,42.85,Day,Clear,Dead,WLWLW,WWLLW,WWLLL,1.37,0.88,0,-1,138,9,170,5,RCB
292,League,MI,GT,MI,Bat,Wankhede Stadium,71.21,Day,Humid,Dead,WWLWW,WLWLL,WWLWW,2.81,1.09,2,1,192,7,181,4,MI
293,League,LSG,KKR,LSG,Bowl,Eden Gardens,62.5,Day,Cloudy,Green,LWLWL,LWWLW,WWLWW,-0.46,0.94,-1,-2,176,7,185,4,LSG
294,League,GT,RCB,GT,Bat,Narendra Modi Stadium,62.5,Night,Humid,Green,WLWLL,WLWLW,LLLWL,1.31,1.24,-1,-2,160,6,142,7,RCB
295,League,PBKS,MI,MI,Bowl,Wankhede Stadium,42.85,Day,Rainy,Dusty,WLLLL,WWWWL,WWWWW,-1.45,1.71,-4,2,140,6,145,4,MI
296,League,RR,LSG,RR,Bat,Ekana Stadium,65.45,Day,Humid,Dusty,LWWLW,WLLLL,WWLWW,-0.9,0.14,0,-5,175,6,174,7,LSG
297,League,LSG,DC,DC,Bowl,Ekana Stadium,62.26,Day,Rainy,Dead,WLLLL,LLWLL,LLLLW,-0.46,-0.56,-4,0,174,8,193,8,DC
298,League,DC,RCB,RCB,Bat,M Chinnaswamy Stadium,42.85,Day,Rainy,Dusty,LLWLL,WLWLW,LLLLW,-2.49,1.71,-4,0,182,6,131,5,RCB
299,League,LSG,SRH,SRH,Bowl,Rajiv Gandhi International Stadium,62.5,Day,Humid,Dusty,WLLLL,WWLLW,WLWWL,-1.85,-1.03,0,-2,172,9,178,6,SRH
300,League,DC,SRH,SRH,Bowl,Rajiv Gandhi International Stadium,42.85,Day,Cloudy,Dead,LLLWL,WWLLW,WWLWL,-2.2,-2.71,-3,-1,168,4,170,6,DC
301,League,CSK,LSG,CSK,Bowl,Ekana Stadium,58.53,Day,Cloudy,Green,WWLWW,LWLWL,LWWWL,2.34,0.83,4,-3,162,8,154,6,LSG
302,League,GT,RR,GT,Bat,Sawai Mansingh Stadium,71.21,Night,Cloudy,Dusty,LWWLW,WLWLL,WLWWL,1.54,0.39,0,-4,184,7,171,5,RR
303,League,DC,KKR,DC,Bat,Arun Jaitley Stadium,71.21,Night,Cloudy,Green,LWLWL,WLWLW,LWLLW,-2.85,0.82,-1,2,154,8,131,4,KKR
304,League,KKR,CSK,KKR,Bat,MA Chidambaram Stadium,71.21,Night,Rainy,Dead,WLWLL,WWLWW,LWWLL,1.97,1.89,0,3,136,7,144,6,CSK
305,League,DC,GT,DC,Bowl,Narendra Modi Stadium,62.5,Night,Cloudy,Dead,LLWLL,LWWLW,LWWLW,-2.55,1.56,-4,1,190,7,193,7,GT
306,League,KKR,CSK,KKR,Bowl,MA Chidambaram Stadium,65.45,Day,Clear,Green,WLWLL,WWLWW,WWLWW,1.33,1.71,2,4,160,6,132,7,CSK
307,League,CSK,GT,GT,Bat,MA Chidambaram Stadium,47.12,Day,Rainy,Dead,WWLWW,WLWLW,WWWLL,1.78,1.14,4,1,167,6,170,8,GT
308,League,SRH,RCB,SRH,Bat,Rajiv Gandhi International Stadium,62.26,Night,Clear,Dusty,WLWLW,LWWLW,WLLLL,-1.64,1.78,-2,0,162,5,167,8,RCB
309,League,PBKS,SRH,SRH,Bowl,Rajiv Gandhi International Stadium,65.45,Day,Rainy,Green,LLWLL,WLWLL,LWLWL,-1.02,-0.16,-3,-1,162,9,141,4,PBKS
310,League,SRH,RCB,SRH,Bat,M Chinnaswamy Stadium,54,Night,Humid,Dusty,WLWLL,LWWLW,LWWLW,-2.33,0.97,0,-2,176,5,162,7,SRH
311,Playoffs,RR,RCB,RR,Bowl,M Chinnaswamy Stadium,71.21,Day,Clear,Dead,WWLLW,WLWLL,WWLLL,0.8,2,-5,-1,164,7,180,9,RCB
312,League,RCB,RR,RR,Bat,M Chinnaswamy Stadium,65.45,Night,Rainy,Green,WLWLL,WLWLW,LLWLW,1.23,-1.09,1,-3,194,5,187,8,RCB
313,League,SRH,MI,MI,Bowl,Rajiv Gandhi International Stadium,54,Night,Rainy,Green,WLWLL,WWWWL,WLLWL,-2.34,2.77,-4,3,153,7,151,9,MI
314,League,DC,KKR,KKR,Bat,Eden Gardens,58.53,Night,Cloudy,Dusty,LLLWL,WLWLW,WWWWL,0.58,0.94,-1,0,178,4,166,9,DC
315,League,MI,DC,DC,Bat,Wankhede Stadium,71.21,Day,Rainy,Green,WLWWW,WLLLL,WWLLL,2.81,-1.51,4,0,158,4,161,4,DC
316,Playoffs,KKR,CSK,KKR,Bat,MA Chidambaram Stadium,71.21,Day,Clear,Dusty,WWLLW,WWWWW,WWWLL,1.03,2.64,-1,2,155,9,146,9,CSK
317,League,LSG,PBKS,PBKS,Bat,Mohali,62.26,Night,Rainy,Dusty,LLLWL,LLLWL,LLLLL,-2.24,-2.23,-1,-2,186,7,165,6,PBKS
318,League,RCB,MI,RCB,Bowl,Wankhede Stadium,54,Day,Rainy,Green,WLWLL,WWLWW,WWWWL,0.59,1.55,1,4,172,6,178,4,MI
319,League,GT,DC,DC,Bowl,Arun Jaitley Stadium,58.53,Day,Clear,Green,WLWLW,LWLWL,LLLWL,1.12,0.77,-1,-3,138,7,195,8,GT
320,League,DC,CSK,DC,Bowl,MA Chidambaram Stadium,65.45,Night,Clear,Green,LLWLL,WWWWL,WWWLW,-2.48,2.5,-3,2,146,9,179,5,DC
321,League,SRH,DC,DC,Bat,Arun Jaitley Stadium,62.5,Night,Cloudy,Dusty,WLWLL,LLWLL,LLLWL,-1.23,-0.55,0,-5,181,9,197,9,SRH
322,League,CSK,DC,CSK,Bat,MA Chidambaram Stadium,58.53,Night,Cloudy,Dead,WWWWW,WLLLL,WLWWL,2.94,-0.04,2,-5,160,5,154,7,CSK
323,Playoffs,DC,GT,DC,Bat,Narendra Modi Stadium,62.26,Night,Clear,Dead,WLLLL,WLWLL,LWWWW,-0.59,1.93,-5,-2,138,6,183,7,GT
324,League,LSG,KKR,LSG,Bowl,Eden Gardens,58.53,Day,Rainy,Dusty,LWLWL,LWWLW,LLLWW,-0.05,1.99,-5,2,196,5,194,8,LSG
325,League,MI,LSG,LSG,Bat,Wankhede Stadium,71.21,Night,Humid,Dead,WLWWW,LLLWL,WLLLL,2.86,-0.01,3,-4,191,6,168,6,MI
326,League,DC,RR,RR,Bowl,Arun Jaitley Stadium,62.26,Night,Cloudy,Green,WLLLL,WWLLW,LWLLW,0.98,-0.66,0,-2,179,5,165,7,DC
327,Finals,MI,SRH,SRH,Bowl,Wankhede Stadium,58.53,Night,Humid,Green,WWWWW,LWWLW,LWWWW,2.91,-1.68,3,-3,193,8,165,5,MI
328,League,GT,LSG,LSG,Bowl,Ekana Stadium,42.85,Day,Rainy,Green,WLWLW,LWLWL,LLWLL,1.14,0.23,0,-2,174,9,138,7,GT
329,League,CSK,KKR,KKR,Bat,MA Chidambaram Stadium,42.85,Night,Humid,Dusty,WWLWW,WLWLL,LLLWL,2.76,0.68,3,2,193,5,156,6,CSK
330,League,SRH,PBKS,PBKS,Bowl,Rajiv Gandhi International Stadium,58.53,Day,Rainy,Dead,WWLLW,LLWLL,WLLWW,-1.14,-0.1,-4,-4,166,4,136,5,PBKS
331,League,CSK,MI,CSK,Bowl,MA Chidambaram Stadium,54,Night,Humid,Green,WWLWW,WWWWW,LLLLL,1.79,2.83,4,4,152,7,188,8,MI
332,League,RR,MI,MI,Bat,Wankhede Stadium,54,Night,Rainy,Dead,WLWLW,WWLWW,LWLLL,-1.94,1.7,-3,2,170,8,165,7,RR
333,League,SRH,GT,SRH,Bat,Narendra Modi Stadium,65.45,Day,Clear,Dusty,WLWLL,WWLLW,LWWWL,-2.4,1.09,-4,1,180,5,164,5,SRH
334,League,RCB,SRH,RCB,Bat,M Chinnaswamy Stadium,54,Day,Rainy,Dusty,LWWLW,LWWLW,LLWWL,0.71,0.87,-2,0,176,7,159,7,SRH
335,League,LSG,RCB,LSG,Bat,Ekana Stadium,54,Day,Humid,Green,WLLLL,WLWLL,WLLWW,0.67,2,0,-2,197,6,193,5,LSG
336,League,CSK,GT,GT,Bowl,Narendra Modi Stadium,65.45,Night,Rainy,Dusty,WWWWW,WLWLW,LWWWW,2.71,1.06,3,2,140,8,169,8,GT
337,League,CSK,PBKS,PBKS,Bowl,Mohali,47.12,Night,Clear,Green,WLWWW,WLLLL,WWLWL,2.77,-1.22,2,-5,154,9,136,8,PBKS
338,League,RR,MI,RR,Bowl,Sawai Mansingh Stadium,65.45,Day,Clear,Dusty,WWLLW,WWLWW,LLLLW,-0.28,1.8,-2,3,186,7,192,9,MI
339,League,MI,DC,DC,Bat,Arun Jaitley Stadium,54,Day,Rainy,Dead,WWLWW,LWLWL,WLWLL,2.48,-1.05,2,-3,185,6,179,5,DC
340,League,GT,RR,RR,Bat,Sawai Mansingh Stadium,58.53,Day,Cloudy,Dusty,WWLLW,WWLLW,LLWLW,1.64,-1.73,1,-1,187,7,181,9,GT
341,League,MI,GT,MI,Bowl,Narendra Modi Stadium,58.53,Night,Cloudy,Dusty,WLWWW,LWWLW,WWLLW,2.04,1.23,3,0,190,4,179,5,MI
342,League,KKR,PBKS,PBKS,Bat,Mohali,42.85,Night,Cloudy,Dead,LWWLW,LLLWL,LWLWL,1.35,-2.65,1,-5,177,6,178,7,KKR
343,League,RR,PBKS,PBKS,Bowl,Sawai Mansingh Stadium,58.53,Day,Cloudy,Dead,WWLLW,LLLWL,LWLLL,-1.22,-1.5,0,-2,192,7,194,7,PBKS
344,League,MI,KKR,KKR,Bowl,Wankhede Stadium,58.53,Day,Cloudy,Green,WWWWW,WLWLL,WLWLW,1.71,2,2,2,166,9,179,6,KKR
345,League,KKR,DC,DC,Bowl,Eden Gardens,62.26,Night,Cloudy,Green,WWLLW,WLLLL,LWWWL,0.75,0.27,-1,-2,167,6,162,7,DC
346,League,MI,RR,RR,Bowl,Sawai Mansingh Stadium,58.53,Night,Cloudy,Dusty,WWWWW,WLWLW,LWLWW,2.33,-1.83,3,-2,150,9,172,6,RR
347,League,RCB,KKR,RCB,Bowl,M Chinnaswamy Stadium,62.5,Night,Cloudy,Dead,LWWLW,LWWLW,LLLWL,1.64,1.75,0,0,167,4,164,9,RCB
348,League,RR,CSK,RR,Bowl,MA Chidambaram Stadium,65.45,Night,Cloudy,Green,WLWLL,WLWWW,WWWLW,-0.19,2.44,0,2,146,9,168,6,CSK
349,League,PBKS,SRH,SRH,Bowl,Mohali,54,Night,Humid,Green,LWLWL,WLWLW,WLLLW,0.79,0.65,-3,-4,161,6,168,5,PBKS
350,League,RCB,CSK,CSK,Bowl,M Chinnaswamy Stadium,62.5,Day,Humid,Green,WLWLW,WWWWW,WWLLW,1.22,2.27,2,2,192,5,195,6,RCB
351,League,DC,GT,GT,Bowl,Arun Jaitley Stadium,54,Day,Cloudy,Green,LLLWL,LWWLW,LLWLL,-0.9,1.55,-2,2,149,4,130,9,GT
352,League,RCB,DC,RCB,Bat,Arun Jaitley Stadium,47.12,Day,Cloudy,Dead,WLWLL,LLWLL,LLLWL,1,-1.92,0,-1,168,4,151,8,RCB
353,League,CSK,KKR,CSK,Bowl,MA Chidambaram Stadium,58.53,Day,Cloudy,Dead,WWWWW,WLWLW,WWLLW,2.27,1.71,3,-2,166,9,131,9,KKR
354,League,KKR,SRH,KKR,Bowl,Eden Gardens,42.85,Night,Clear,Dead,WLWLW,LWWLW,LWLWL,0.64,0.46,2,0,160,8,162,9,KKR
355,League,CSK,GT,GT,Bat,Narendra Modi Stadium,58.53,Night,Rainy,Dusty,WWLWW,WLWLW,WWLWW,2.88,1.62,3,2,131,5,188,7,CSK
356,League,KKR,CSK,CSK,Bowl,Eden Gardens,54,Day,Rainy,Dusty,WWLLW,WLWWW,WLLLL,0.75,1.54,1,2,144,5,195,7,CSK
357,League,LSG,DC,DC,Bowl,Arun Jaitley Stadium,54,Day,Cloudy,Dusty,LLWLL,WLLLL,WWLLW,-1.4,-2.63,-2,-2,136,6,181,9,LSG
358,League,LSG,PBKS,LSG,Bowl,Ekana Stadium,65.45,Day,Cloudy,Dead,LWLWL,LLWLL,WLLLL,-1.38,-1.22,-5,-5,131,7,138,6,LSG
359,League,SRH,RCB,SRH,Bat,M Chinnaswamy Stadium,62.26,Day,Humid,Dusty,WLWLW,WLWLL,WLLWW,-2.22,1.39,0,0,142,9,167,5,SRH
360,League,RR,DC,RR,Bat,Sawai Mansingh Stadium,65.45,Day,Rainy,Green,LWWLW,LWLWL,WLWLL,0.66,-0.2,-2,0,194,6,159,5,DC
361,League,LSG,RCB,RCB,Bowl,Ekana Stadium,42.85,Day,Cloudy,Dead,LWLWL,LWWLW,LLWLL,0.14,0.65,0,2,135,5,160,7,LSG
362,League,RR,GT,GT,Bowl,Sawai Mansingh Stadium,42.85,Night,Cloudy,Green,WLWLW,LWWLW,WLLLW,-2.67,0.56,-1,2,184,8,194,8,GT
363,League,LSG,RR,RR,Bowl,Ekana Stadium,62.26,Day,Humid,Green,LLWLL,LWWLW,WWWWW,-0.15,-2.31,-2,-3,186,4,138,6,RR
364,League,PBKS,CSK,CSK,Bat,Mohali,42.85,Day,Clear,Dusty,LLWLL,WLWWW,LWLWW,0.56,1.95,-5,4,167,9,161,5,CSK
365,League,DC,LSG,DC,Bat,Ekana Stadium,58.53,Night,Cloudy,Dusty,WLLLL,LLLWL,LWWLL,0.09,-0.78,-1,-2,183,4,131,4,DC
366,League,RCB,GT,RCB,Bowl,Narendra Modi Stadium,62.26,Day,Rainy,Green,WLWLL,WWLLW,WLWWL,0.55,1.57,0,2,158,9,143,7,GT
367,League,KKR,PBKS,KKR,Bowl,Eden Gardens,54,Night,Humid,Dead,WLWLW,LLWLL,LWWLW,1.83,0.41,0,-3,195,9,162,7,KKR
368,League,MI,DC,DC,Bowl,Wankhede Stadium,65.45,Day,Humid,Green,WLWWW,LLLWL,LLLLL,2.19,-2.9,3,-1,188,9,165,9,DC
369,Playoffs,GT,MI,MI,Bat,Wankhede Stadium,58.53,Day,Humid,Dusty,WWLLW,WWLWW,LLWWW,1.24,2.25,2,3,151,8,198,9,GT
370,League,MI,SRH,MI,Bowl,Rajiv Gandhi International Stadium,58.53,Day,Clear,Dead,WWWWL,WWLLW,WWWLW,2.87,-1.38,3,-2,164,7,151,5,MI
371,Playoffs,DC,MI,MI,Bat,Arun Jaitley Stadium,62.26,Night,Humid,Dead,LLLWL,WWLWW,WWWLW,-2.5,1.55,-2,4,157,5,181,9,MI
372,League,GT,KKR,GT,Bowl,Eden Gardens,65.45,Day,Humid,Dead,LWWLW,WLWLL,WLLWL,0.61,0.52,-1,2,198,7,142,6,KKR
373,League,GT,LSG,LSG,Bat,Ekana Stadium,47.12,Day,Humid,Dead,LWWLW,LWLWL,WLLLW,1.9,-0.88,2,-1,189,9,135,6,GT
374,League,SRH,KKR,KKR,Bat,Rajiv Gandhi International Stadium,62.26,Day,Rainy,Dead,WLWLW,WWLLW,LWWLL,-2.06,1.01,-3,2,182,8,160,7,KKR
375,League,MI,KKR,KKR,Bat,Eden Gardens,42.85,Day,Clear,Dusty,WWWWL,WLWLL,LLLLL,1.63,0.54,2,1,160,9,154,9,KKR
376,League,CSK,DC,CSK,Bowl,MA Chidambaram Stadium,58.53,Day,Rainy,Dead,WWWWW,LLLWL,LLLWW,2.6,-2.92,2,-2,155,5,158,9,CSK
377,League,CSK,DC,DC,Bat,Arun Jaitley Stadium,62.5,Day,Clear,Dead,WWLWW,WLLLL,LWLLW,2.35,-0.72,2,0,181,7,186,4,CSK
378,League,MI,CSK,CSK,Bat,MA Chidambaram Stadium,65.45,Night,Humid,Dusty,WWWWL,WWWWW,WLWLW,2.95,2.5,4,4,154,5,194,8,MI
379,League,KKR,PBKS,KKR,Bat,Eden Gardens,54,Night,Rainy,Dead,WWLLW,LWLWL,LWWLL,1.06,0.94,0,-5,172,9,178,6,PBKS
380,League,PBKS,LSG,LSG,Bat,Ekana Stadium,62.5,Day,Humid,Dead,LWLWL,LLWLL,WWLLL,-0.22,-0.13,-2,0,131,4,135,7,PBKS
381,League,LSG,DC,LSG,Bat,Ekana Stadium,42.85,Day,Cloudy,Dead,LWLWL,LLLWL,LWLLW,-1.39,0.49,0,-5,179,4,132,7,DC
382,League,PBKS,KKR,KKR,Bat,Eden Gardens,54,Day,Cloudy,Dead,LLWLL,LWWLW,LWWWW,-2.48,1.29,-3,0,133,4,168,8,KKR
383,League,DC,GT,GT,Bowl,Arun Jaitley Stadium,54,Night,Humid,Dead,LLLWL,WLWLL,WWLWW,-1.31,0.92,-5,2,168,6,164,9,GT
384,League,LSG,KKR,LSG,Bowl,Eden Gardens,65.45,Day,Cloudy,Dead,LWLWL,WLWLL,WLLLW,0.98,1.77,-4,1,136,4,170,4,KKR
385,League,KKR,RR,KKR,Bat,Eden Gardens,58.53,Day,Cloudy,Dead,WLWLL,WWLLW,WWWLL,1.99,-1.09,0,-1,180,7,190,4,KKR
386,League,KKR,CSK,KKR,Bowl,MA Chidambaram Stadium,62.26,Night,Clear,Green,WWLLW,WWWWW,LLLLL,1.96,2.43,0,3,138,7,145,8,CSK
387,League,RCB,SRH,SRH,Bat,Rajiv Gandhi International Stadium,58.53,Night,Clear,Green,WWLLW,WLWLW,LLWWW,1.94,-0.52,1,-2,141,4,131,8,RCB
388,League,RR,CSK,CSK,Bowl,Sawai Mansingh Stadium,42.85,Night,Cloudy,Dead,WWLLW,WLWWW,LWLWW,0.36,2.4,-2,4,187,7,190,5,RR
389,League,LSG,RR,LSG,Bowl,Ekana Stadium,71.21,Day,Rainy,Green,WLLLL,LWWLW,LWLWL,-1.15,-0.72,-2,-4,194,7,152,6,LSG
390,League,RCB,PBKS,RCB,Bowl,Mohali,62.26,Night,Clear,Green,WWLLW,LLLWL,WLWLW,1.04,0.99,-2,-1,144,7,162,9,RCB
391,League,DC,MI,DC,Bowl,Arun Jaitley Stadium,54,Day,Cloudy,Dusty,WLLLL,WWWWW,WWWLL,-1.32,1.52,-5,3,134,7,158,5,MI
392,League,SRH,RCB,SRH,Bat,Rajiv Gandhi International Stadium,42.85,Day,Cloudy,Dusty,WWLLW,WLWLL,LLWLW,-2.45,1.68,-3,0,193,4,175,8,SRH
393,Playoffs,RR,GT,RR,Bat,Narendra Modi Stadium,62.26,Night,Clear,Dusty,WLWLW,LWWLW,WWWWL,-1.77,1.21,-3,1,161,8,179,7,RR
394,League,CSK,RR,CSK,Bowl,Sawai Mansingh Stadium,42.85,Day,Cloudy,Dusty,WWWWW,WWLLW,WWWLW,2.45,-0.78,3,-3,137,6,170,8,CSK
395,League,LSG,SRH,LSG,Bowl,Rajiv Gandhi International Stadium,62.26,Day,Humid,Dead,WLLLL,WLWLW,WWLWW,-1.44,0.45,-3,-2,175,9,150,4,SRH
396,League,SRH,LSG,SRH,Bowl,Ekana Stadium,54,Night,Humid,Green,LWWLW,WLLLL,LWLWL,-2.38,0.06,-5,-2,130,5,167,4,SRH
397,League,KKR,RR,RR,Bat,Sawai Mansingh Stadium,65.45,Night,Cloudy,Green,WLWLW,WLWLL,LLLWL,0.58,-0.81,-2,-1,171,4,199,5,KKR
398,League,GT,DC,DC,Bowl,Arun Jaitley Stadium,54,Night,Rainy,Dead,WLWLL,LLLWL,WLWLL,0.74,-1.2,1,0,172,9,140,8,GT
399,League,RCB,MI,RCB,Bat,M Chinnaswamy Stadium,47.12,Night,Humid,Dusty,LWWLW,WWWWW,LLWWW,1.53,2.31,1,3,197,9,181,4,RCB
400,League,SRH,RR,SRH,Bowl,Rajiv Gandhi International Stadium,65.45,Day,Humid,Dusty,LWWLW,LWWLW,LLLWL,-1.7,-0.06,-4,-2,170,8,150,7,RR
401,League,LSG,RCB,LSG,Bowl,M Chinnaswamy Stadium,42.85,Night,Humid,Green,LLLWL,WLWLW,LWLWL,-0.08,0.62,-4,2,177,4,154,8,LSG
402,League,SRH,MI,MI,Bowl,Rajiv Gandhi International Stadium,54,Day,Cloudy,Dusty,LWWLW,WLWWW,WWLLW,-2.98,1.92,-3,2,155,4,168,5,MI
403,League,CSK,MI,CSK,Bowl,Wankhede Stadium,62.5,Night,Humid,Dusty,WWLWW,WWLWW,WLLLW,2.44,2.59,4,2,144,8,152,8,MI
404,League,KKR,GT,GT,Bat,Eden Gardens,65.45,Night,Clear,Dusty,WLWLW,WLWLL,LWWWL,0.84,1.24,0,2,133,9,168,8,GT
405,League,PBKS,LSG,LSG,Bat,Ekana Stadium,71.21,Night,Rainy,Dusty,LLLWL,LLLWL,LLWLL,-2.45,-0.98,-3,-4,186,6,167,8,LSG
406,League,RR,RCB,RR,Bowl,Sawai Mansingh Stadium,47.12,Night,Rainy,Dusty,WLWLW,WWLLW,WLWLL,-1.77,1.98,-3,-1,185,7,148,5,RR
407,League,GT,PBKS,GT,Bat,Mohali,47.12,Day,Humid,Dead,WWLLW,WLLLL,WWWWL,0.82,-2.91,-2,-4,158,7,148,4,PBKS
408,League,SRH,PBKS,SRH,Bowl,Mohali,47.12,Night,Rainy,Green,WWLLW,LWLWL,WWLLL,-0.07,0.31,-3,-5,173,7,176,6,PBKS
409,Finals,RR,RCB,RCB,Bat,Sawai Mansingh Stadium,42.85,Night,Cloudy,Dusty,WLWLW,WLWLL,LWWLL,-2.33,1.54,-1,1,138,9,160,6,RR
410,League,RR,KKR,RR,Bat,Sawai Mansingh Stadium,58.53,Day,Clear,Dead,LWWLW,WWLLW,WWLLW,-2.61,1.22,-4,0,170,6,166,6,RR
411,League,PBKS,CSK,CSK,Bowl,MA Chidambaram Stadium,62.5,Day,Clear,Green,LLLWL,WWWWW,WWLLW,-2.26,2.01,0,4,176,7,159,7,CSK
412,League,PBKS,DC,DC,Bat,Mohali,71.21,Day,Cloudy,Green,LLLWL,LWLWL,LLLWW,-0.1,0.96,-4,-5,182,6,186,4,PBKS
413,League,RR,MI,MI,Bat,Wankhede Stadium,42.85,Day,Clear,Dusty,WWLLW,WWWWL,LWWWL,0.25,2.21,-5,4,172,9,130,5,RR
414,League,PBKS,RCB,PBKS,Bowl,M Chinnaswamy Stadium,54,Night,Humid,Dead,LWLWL,WLWLW,WWWLL,0.65,1.19,-3,-2,160,8,133,4,RCB
415,League,KKR,GT,GT,Bat,Eden Gardens,62.5,Night,Humid,Dusty,WWLLW,WWLLW,WWWLW,1.95,1.63,-1,2,165,4,164,5,GT
416,League,CSK,GT,CSK,Bat,MA Chidambaram Stadium,42.85,Day,Rainy,Dusty,WLWWW,WLWLL,LWWWW,2.83,1.73,3,-2,180,7,196,9,GT
417,League,DC,RCB,RCB,Bat,M Chinnaswamy Stadium,62.5,Day,Cloudy,Dead,LLWLL,WLWLL,WWWWW,-0.16,1.39,0,-1,139,8,140,9,RCB
418,League,MI,DC,MI,Bowl,Arun Jaitley Stadium,71.21,Day,Rainy,Dusty,WWWWL,LWLWL,WLLLW,2.06,0.33,2,-1,140,4,146,5,MI
419,Playoffs,SRH,KKR,SRH,Bat,Eden Gardens,71.21,Night,Cloudy,Green,LWWLW,LWWLW,WLLWW,-0.13,1.89,-2,2,176,7,161,5,SRH
420,League,GT,RCB,GT,Bowl,M Chinnaswamy Stadium,62.5,Night,Humid,Green,WLWLW,WLWLW,WLWLW,1.06,1.96,-1,1,163,4,183,6,GT
421,Playoffs,RR,GT,RR,Bowl,Sawai Mansingh Stadium,42.85,Night,Humid,Dead,WLWLL,WLWLW,LLLLL,-2.99,1.52,-2,0,176,8,143,6,RR
422,League,RCB,LSG,LSG,Bat,M Chinnaswamy Stadium,65.45,Night,Cloudy,Dead,WWLLW,LWLWL,LWWWL,1.52,-0.94,2,-5,150,5,141,8,RCB
423,League,MI,DC,MI,Bowl,Wankhede Stadium,54,Day,Clear,Green,WWWWW,LLLWL,WLWWL,2.66,-1.29,2,-3,168,8,185,7,DC
424,League,DC,SRH,DC,Bowl,Rajiv Gandhi International Stadium,71.21,Night,Humid,Green,WLLLL,WLWLW,LWWWL,-1.34,0.21,-3,0,188,9,196,9,SRH
425,League,SRH,CSK,SRH,Bat,Rajiv Gandhi International Stadium,58.53,Day,Clear,Green,WLWLW,WWLWW,LLWWL,-2.15,1.53,-1,4,184,8,173,6,CSK
426,League,CSK,PBKS,PBKS,Bowl,MA Chidambaram Stadium,62.26,Night,Humid,Dead,WWWWL,LLLWL,WLLLL,1.97,-1.08,2,-4,190,6,139,4,CSK
427,League,CSK,RCB,CSK,Bowl,MA Chidambaram Stadium,42.85,Day,Rainy,Dead,WWLWW,WLWLW,LWWLL,2.69,0.55,2,0,132,4,157,7,RCB
428,League,LSG,GT,LSG,Bat,Ekana Stadium,58.53,Day,Humid,Dusty,LWLWL,LWWLW,WLLWL,-0.31,1.01,-5,0,161,4,145,4,LSG
429,League,SRH,RR,RR,Bat,Sawai Mansingh Stadium,62.5,Day,Rainy,Dead,WWLLW,WWLLW,LWLLW,0.96,0.14,-3,-1,197,5,192,9,RR
430,League,RR,RCB,RR,Bowl,Sawai Mansingh Stadium,58.53,Day,Rainy,Dusty,LWWLW,LWWLW,LWWLW,0.14,1.6,-4,2,152,9,150,8,RCB
431,League,KKR,LSG,LSG,Bat,Eden Gardens,62.5,Day,Clear,Dusty,WLWLW,LLWLL,WWWWL,0.67,-2.63,0,-5,188,8,178,5,KKR
432,League,GT,SRH,SRH,Bowl,Narendra Modi Stadium,62.5,Day,Cloudy,Dead,WLWLL,WLWLW,LLWWL,1.27,-2.54,-2,-5,168,5,170,5,SRH
433,League,CSK,SRH,SRH,Bat,MA Chidambaram Stadium,58.53,Night,Humid,Green,WWWWL,WLWLL,LLWLL,1.77,-1.79,2,-5,183,5,137,7,SRH
434,Playoffs,RR,MI,RR,Bat,Sawai Mansingh Stadium,62.26,Day,Clear,Dead,LWWLW,WLWWW,WLWWL,-2.96,2.62,-2,2,153,7,152,7,MI
435,League,SRH,PBKS,PBKS,Bat,Mohali,54,Night,Clear,Green,WWLLW,LLWLL,LWLWL,-1.04,-1.64,-1,-5,149,9,169,4,PBKS
436,League,MI,RR,RR,Bowl,Sawai Mansingh Stadium,42.85,Day,Rainy,Dusty,WWLWW,WLWLL,WWWLW,2.14,0.13,4,-5,141,4,158,5,RR
437,League,DC,CSK,DC,Bowl,Arun Jaitley Stadium,62.26,Night,Humid,Dead,LLWLL,WWWWW,LWLLL,-0.65,1.58,-5,3,146,5,160,6,CSK
438,League,GT,MI,GT,Bowl,Wankhede Stadium,54,Day,Humid,Dusty,LWWLW,WWWWW,WLWLL,0.82,2.52,1,4,192,4,161,8,GT
439,League,KKR,DC,KKR,Bowl,Arun Jaitley Stadium,62.5,Day,Cloudy,Dead,LWWLW,LLWLL,WLLLW,0.52,0.35,1,-3,160,8,179,7,DC
440,League,KKR,GT,GT,Bowl,Eden Gardens,62.5,Day,Clear,Dusty,LWWLW,LWWLW,WWWLW,1.64,1.96,-2,2,133,4,132,6,KKR
441,League,CSK,PBKS,PBKS,Bowl,MA Chidambaram Stadium,62.5,Day,Humid,Dead,WLWWW,LLLWL,WLLWW,1.55,-1.56,3,-1,198,6,190,7,CSK
442,League,MI,RR,MI,Bowl,Wankhede Stadium,62.5,Night,Rainy,Dusty,WLWWW,WWLLW,WLWWW,1.93,-1.26,3,-1,180,4,167,4,RR
443,League,CSK,PBKS,CSK,Bat,MA Chidambaram Stadium,62.5,Day,Rainy,Dead,WWWWW,LWLWL,LWWWW,2.72,-2.01,2,-5,156,7,174,7,CSK
444,Playoffs,DC,MI,MI,Bowl,Wankhede Stadium,62.5,Day,Cloudy,Green,WLLLL,WWWWL,WLWWW,0.79,1.95,-1,3,172,7,196,5,DC
445,League,RCB,PBKS,RCB,Bat,Mohali,65.45,Night,Cloudy,Dusty,WWLLW,WLLLL,LLWWW,0.72,0.93,-2,0,143,6,134,4,RCB
446,Playoffs,KKR,SRH,KKR,Bowl,Eden Gardens,42.85,Day,Clear,Dusty,WLWLW,LWWLW,LLLLL,1.27,-0.03,-1,-5,183,5,171,9,SRH
447,League,GT,DC,DC,Bat,Narendra Modi Stadium,62.5,Day,Humid,Dusty,WLWLL,LLWLL,LLLWW,0.94,-1.88,2,0,189,4,186,9,GT
448,League,CSK,MI,MI,Bowl,MA Chidambaram Stadium,42.85,Day,Cloudy,Dead,WLWWW,WWWWL,LLLLW,1.89,1.63,3,4,194,8,172,9,CSK
449,League,MI,KKR,KKR,Bat,Eden Gardens,62.26,Night,Cloudy,Dead,WWLWW,LWWLW,LWLLW,1.61,1.58,4,1,186,9,176,6,MI
450,League,GT,LSG,LSG,Bowl,Narendra Modi Stadium,58.53,Day,Clear,Dusty,WLWLL,LLLWL,LWWLW,1.26,0.08,-2,0,179,5,179,4,GT
451,League,RR,DC,DC,Bat,Sawai Mansingh Stadium,54,Night,Humid,Green,LWWLW,LLWLL,LLWLW,-0.39,-0.62,-4,-3,168,9,156,6,RR
452,League,GT,RCB,RCB,Bat,Narendra Modi Stadium,47.12,Night,Rainy,Dusty,WLWLL,WLWLL,WWLWW,0.76,1.61,0,-2,161,6,162,9,RCB
453,League,LSG,RR,LSG,Bowl,Ekana Stadium,71.21,Day,Humid,Green,LLWLL,LWWLW,WWWWL,-0.83,-1.47,0,-4,144,4,187,5,LSG
454,League,GT,KKR,GT,Bat,Eden Gardens,65.45,Day,Humid,Dead,WLWLL,WLWLL,LLWWW,0.87,0.77,2,1,132,4,169,7,GT
455,League,RCB,GT,RCB,Bowl,Narendra Modi Stadium,47.12,Night,Rainy,Dusty,WLWLW,WWLLW,LLLLL,1.69,1.86,0,-2,167,6,163,9,RCB
456,League,LSG,RCB,RCB,Bat,M Chinnaswamy Stadium,62.5,Night,Clear,Dusty,LLWLL,WWLLW,LLLLW,0.66,1.12,-3,-2,170,9,194,9,RCB
457,League,CSK,SRH,SRH,Bat,MA Chidambaram Stadium,47.12,Night,Rainy,Dead,WLWWW,WLWLW,LWWWL,2.68,-2.87,3,0,188,4,172,4,SRH
458,League,DC,RR,RR,Bowl,Arun Jaitley Stadium,62.5,Day,Rainy,Green,LLLWL,LWWLW,LLLLL,-0.77,-0.87,-5,-2,152,6,186,6,RR
459,League,CSK,MI,MI,Bat,Wankhede Stadium,71.21,Night,Rainy,Dusty,WWLWW,WWWWL,LLLLW,1.83,2.55,2,4,136,9,163,9,CSK
460,League,MI,GT,GT,Bowl,Narendra Modi Stadium,54,Night,Rainy,Dusty,WWLWW,WWLLW,LLLLL,1.63,1.2,4,-2,167,4,168,9,GT
461,League,GT,RCB,RCB,Bat,Narendra Modi Stadium,42.85,Night,Rainy,Dusty,WLWLW,WLWLL,LLWWL,0.67,1.76,-1,2,142,8,163,6,RCB
462,League,RCB,SRH,RCB,Bowl,M Chinnaswamy Stadium,42.85,Night,Humid,Dead,WLWLW,WLWLW,LWWLL,1.29,-2.87,1,-5,182,8,130,9,RCB
463,League,DC,RR,DC,Bowl,Sawai Mansingh Stadium,58.53,Day,Rainy,Dusty,LLWLL,WLWLL,LWWWW,0.23,0.54,-3,0,168,6,133,7,DC
464,League,GT,SRH,SRH,Bowl,Rajiv Gandhi International Stadium,58.53,Night,Cloudy,Dusty,WLWLL,WLWLL,WLWWL,1.76,-2.45,-2,-2,137,8,175,5,GT
465,League,KKR,GT,KKR,Bowl,Narendra Modi Stadium,65.45,Night,Rainy,Green,WWLLW,WWLLW,LWWWW,1.16,1.15,-2,1,169,9,178,8,KKR
466,League,LSG,MI,LSG,Bowl,Ekana Stadium,62.5,Night,Rainy,Dead,LLLWL,WLWWW,LLLLW,0.02,2.64,-1,3,161,9,139,7,MI
467,League,PBKS,RR,PBKS,Bat,Mohali,54,Day,Rainy,Dead,LLLWL,WWLLW,LWWLW,0.03,0.31,-4,-4,145,7,188,7,RR
468,League,RR,KKR,RR,Bat,Eden Gardens,58.53,Night,Rainy,Green,WWLLW,WLWLW,LWWLL,-2.36,0.88,0,2,148,5,144,6,RR
469,League,KKR,DC,DC,Bowl,Eden Gardens,65.45,Night,Clear,Dead,WLWLL,LWLWL,LWWWL,1.12,0.08,1,-4,176,8,136,7,DC
470,League,PBKS,LSG,PBKS,Bowl,Mohali,58.53,Night,Cloudy,Dead,LLWLL,LLLWL,LWWLW,-0.28,0.93,-4,0,199,8,193,5,LSG
471,League,RCB,CSK,RCB,Bat,MA Chidambaram Stadium,47.12,Day,Rainy,Dead,WWLLW,WWWWL,LLLLL,0.93,1.81,1,3,146,6,196,6,CSK
472,League,GT,MI,MI,Bowl,Wankhede Stadium,62.26,Night,Rainy,Dead,WLWLW,WLWWW,LLWWW,1.28,2.4,0,2,183,4,166,7,MI
473,League,PBKS,GT,PBKS,Bat,Narendra Modi Stadium,58.53,Day,Clear,Green,LLWLL,LWWLW,WLWWW,-1.3,0.9,-3,0,142,7,131,9,GT
474,League,RCB,CSK,CSK,Bowl,MA Chidambaram Stadium,54,Day,Cloudy,Green,WLWLL,WWLWW,WWWLW,0.6,2.85,0,4,162,8,192,8,CSK
475,League,RR,GT,GT,Bat,Narendra Modi Stadium,65.45,Day,Cloudy,Dusty,WLWLW,WLWLW,WLLWW,-2.71,1.55,-3,0,184,5,134,5,GT
476,League,GT,CSK,GT,Bat,MA Chidambaram Stadium,54,Night,Cloudy,Dead,LWWLW,WWWWL,WLWLW,0.79,3,1,2,156,4,178,9,GT
477,League,MI,LSG,LSG,Bat,Ekana Stadium,47.12,Night,Humid,Dusty,WLWWW,LLWLL,LWWWL,2.19,-2.4,3,-3,151,4,155,9,MI
478,League,RCB,SRH,RCB,Bowl,Rajiv Gandhi International Stadium,42.85,Night,Humid,Dead,WLWLL,WWLLW,LWWWL,0.87,-0.32,1,-5,192,8,185,5,SRH
479,League,DC,RCB,RCB,Bat,M Chinnaswamy Stadium,58.53,Night,Clear,Green,LWLWL,WLWLL,WWWWL,-1.02,0.95,-3,2,179,5,150,6,RCB
480,League,PBKS,KKR,KKR,Bat,Eden Gardens,47.12,Night,Humid,Green,LWLWL,WLWLL,WWWWL,-1.65,0.98,-1,-2,169,9,157,6,PBKS
481,League,RCB,SRH,SRH,Bowl,M Chinnaswamy Stadium,62.5,Night,Cloudy,Dead,LWWLW,WWLLW,WWLLL,0.69,0.99,0,0,136,7,162,8,RCB
482,League,RR,MI,MI,Bat,Sawai Mansingh Stadium,54,Night,Cloudy,Dead,WLWLW,WLWWW,LWLLL,-0.99,1.97,-3,3,176,8,197,7,RR
483,League,KKR,SRH,SRH,Bat,Eden Gardens,65.45,Day,Rainy,Green,WLWLL,LWWLW,WWWLW,1.47,-2.39,-1,-4,174,7,154,6,SRH
484,League,KKR,SRH,KKR,Bat,Rajiv Gandhi International Stadium,65.45,Night,Cloudy,Dead,LWWLW,LWWLW,WLLLL,1.52,0.28,-2,-4,140,8,195,9,KKR
485,League,KKR,MI,KKR,Bowl,Eden Gardens,47.12,Day,Rainy,Green,WLWLW,WWLWW,WLLWL,0.99,2.9,2,4,146,8,137,9,MI
486,League,CSK,RR,RR,Bowl,Sawai Mansingh Stadium,58.53,Night,Clear,Dead,WWWWL,WWLLW,LLLWL,2.8,-0.49,4,-5,138,9,135,8,CSK
487,League,RCB,CSK,RCB,Bowl,M Chinnaswamy Stadium,62.5,Night,Clear,Dead,WLWLW,WWWWW,WWWWW,1.41,2.92,-2,2,137,7,153,4,CSK
488,League,RR,DC,DC,Bowl,Sawai Mansingh Stadium,62.5,Day,Humid,Green,WWLLW,WLLLL,LWLWL,-2.06,-0.84,-4,-3,143,9,139,9,RR
489,Playoffs,GT,SRH,SRH,Bat,Rajiv Gandhi International Stadium,65.45,Night,Clear,Dead,WLWLL,LWWLW,LLWWW,1.64,-2.65,-1,-4,178,6,155,8,SRH
490,League,KKR,LSG,LSG,Bowl,Ekana Stadium,54,Night,Rainy,Green,WLWLW,WLLLL,WLLWL,1.09,-1.44,-1,-3,154,5,150,6,LSG
491,League,SRH,RCB,RCB,Bat,M Chinnaswamy Stadium,42.85,Day,Humid,Dusty,WWLLW,WLWLL,WWWLW,-1.71,1.17,0,1,175,9,162,4,RCB
492,League,MI,RR,RR,Bowl,Sawai Mansingh Stadium,58.53,Day,Cloudy,Dead,WWLWW,LWWLW,LLLWW,2.7,-1.27,3,0,185,9,153,9,RR
493,League,MI,RR,RR,Bat,Sawai Mansingh Stadium,42.85,Day,Rainy,Green,WWWWL,WLWLL,WWLWL,2.09,-0.96,3,-3,181,5,130,5,RR
494,League,CSK,RCB,CSK,Bowl,M Chinnaswamy Stadium,71.21,Day,Rainy,Dusty,WLWWW,WLWLL,LLWWW,2.29,0.92,4,-2,149,4,139,9,RCB
495,Playoffs,RR,MI,RR,Bowl,Sawai Mansingh Stadium,62.26,Day,Cloudy,Green,WWLLW,WLWWW,LLWWW,-1.42,2.91,-2,4,186,5,142,6,RR
496,League,SRH,KKR,SRH,Bowl,Rajiv Gandhi International Stadium,62.26,Night,Clear,Dead,WLWLL,WLWLL,WLWWW,-2.76,0.7,-1,0,157,4,134,9,SRH
497,League,KKR,CSK,KKR,Bowl,Eden Gardens,42.85,Night,Rainy,Dead,WWLLW,WWWWL,WWLWL,1.04,1.86,1,2,137,9,166,5,CSK
498,League,GT,SRH,SRH,Bat,Rajiv Gandhi International Stadium,47.12,Day,Humid,Green,WWLLW,WLWLW,WLWLL,1.26,-2.11,-2,-1,178,7,158,5,GT
499,League,MI,SRH,MI,Bat,Wankhede Stadium,65.45,Day,Humid,Dead,WWLWW,WWLLW,LWLWW,2.94,-0.13,4,-1,171,7,163,7,SRH
500,League,SRH,RCB,SRH,Bat,Rajiv Gandhi International Stadium,47.12,Night,Clear,Dusty,WLWLW,WWLLW,LWWLW,0.55,1.47,0,-1,186,7,159,6,RCB
501,League,DC,MI,MI,Bowl,Wankhede Stadium,47.12,Day,Rainy,Dead,LLLWL,WLWWW,LLLWW,-1.56,1.7,-4,2,136,6,162,7,MI
502,Playoffs,MI,RCB,RCB,Bat,M Chinnaswamy Stadium,54,Night,Rainy,Green,WWLWW,LWWLW,LWLWL,2.94,1.46,4,1,165,7,136,9,MI
503,League,KKR,SRH,SRH,Bat,Rajiv Gandhi International Stadium,54,Day,Clear,Dead,WLWLL,WLWLL,LWLWL,1.32,-2.31,-2,-5,189,4,143,4,KKR
504,League,RCB,KKR,KKR,Bowl,M Chinnaswamy Stadium,58.53,Night,Cloudy,Dusty,WWLLW,WLWLL,LLLLW,0.59,1.73,-1,-1,191,5,168,5,RCB
505,League,RCB,PBKS,RCB,Bowl,M Chinnaswamy Stadium,54,Day,Clear,Dusty,WWLLW,LLWLL,LLWWL,1.05,-1.2,-2,-3,192,5,138,4,RCB
506,League,LSG,SRH,LSG,Bowl,Ekana Stadium,62.5,Day,Clear,Dead,LWLWL,WWLLW,LLLLW,-0.96,-0.01,0,0,169,7,133,5,SRH
507,League,KKR,CSK,KKR,Bowl,Eden Gardens,62.26,Night,Humid,Dusty,LWWLW,WWLWW,WWWWL,0.86,2.65,1,3,195,4,150,7,KKR
508,League,DC,MI,MI,Bat,Arun Jaitley Stadium,62.5,Night,Humid,Green,LWLWL,WWLWW,LWWWL,-0.42,2.2,-3,2,167,7,133,6,MI
509,League,PBKS,DC,DC,Bat,Mohali,62.26,Day,Rainy,Dusty,LWLWL,LLLWL,WWLLW,-1.57,-1.8,-1,-2,131,4,169,5,DC
510,League,CSK,MI,CSK,Bowl,Wankhede Stadium,65.45,Night,Clear,Dead,WLWWW,WWLWW,WLLWW,2.27,1.87,2,2,159,5,162,8,CSK
511,League,RCB,PBKS,PBKS,Bowl,M Chinnaswamy Stadium,62.26,Night,Cloudy,Green,LWWLW,LLLWL,LWWLW,1.03,0.76,1,0,168,5,195,9,RCB
512,League,MI,PBKS,MI,Bowl,Wankhede Stadium,65.45,Night,Rainy,Dead,WWLWW,WLLLL,WLLWL,1.55,-2.17,2,-1,134,5,180,5,MI
513,Playoffs,CSK,LSG,LSG,Bat,MA Chidambaram Stadium,58.53,Night,Clear,Dusty,WLWWW,LLLWL,LLLWL,2.92,0.71,4,-4,180,6,167,7,LSG
514,League,CSK,SRH,SRH,Bat,MA Chidambaram Stadium,58.53,Night,Cloudy,Green,WWWWW,WWLLW,WLLLL,2.84,-0.93,3,-4,162,6,158,7,CSK
515,League,PBKS,RCB,PBKS,Bat,M Chinnaswamy Stadium,62.5,Night,Humid,Dusty,LWLWL,WWLLW,WWWLL,-2.53,0.77,-5,-2,190,7,172,9,RCB
516,League,SRH,RR,RR,Bowl,Rajiv Gandhi International Stadium,58.53,Night,Humid,Dusty,WWLLW,LWWLW,WWLLL,-2.52,-1.72,-2,-4,183,4,173,8,RR
517,League,RCB,MI,RCB,Bowl,M Chinnaswamy Stadium,62.26,Night,Clear,Dead,WLWLW,WWLWW,LWLLL,0.97,2.02,0,3,131,5,134,5,RCB
518,League,LSG,CSK,LSG,Bowl,Ekana Stadium,47.12,Night,Clear,Green,LLLWL,WWWWL,LLWWW,-0.83,2.94,-1,4,195,4,190,6,LSG
519,League,KKR,PBKS,PBKS,Bat,Eden Gardens,54,Day,Humid,Green,WLWLL,LLWLL,WWWWL,0.9,0.12,1,-1,150,5,141,6,KKR
520,League,DC,PBKS,DC,Bowl,Arun Jaitley Stadium,71.21,Night,Clear,Dusty,WLLLL,LLLWL,LWWLW,0.26,0.96,-1,-4,141,4,164,9,PBKS
521,League,KKR,SRH,SRH,Bat,Eden Gardens,42.85,Day,Clear,Dusty,WWLLW,WWLLW,LWLLL,1.46,-0.94,0,-5,139,5,185,4,SRH
522,League,DC,KKR,KKR,Bowl,Arun Jaitley Stadium,54,Night,Rainy,Green,WLLLL,LWWLW,LLWLW,0.38,1.54,-3,-1,180,7,157,4,KKR
523,League,RR,PBKS,RR,Bowl,Sawai Mansingh Stadium,62.5,Night,Cloudy,Dead,WLWLL,WLLLL,LWWLW,0.67,-1.06,-3,-4,180,9,179,5,PBKS
524,League,DC,RR,RR,Bowl,Sawai Mansingh Stadium,54,Night,Rainy,Dusty,LLWLL,WLWLW,WLWLW,-2.23,0.71,-5,-5,195,5,177,9,DC
525,League,RCB,SRH,SRH,Bat,M Chinnaswamy Stadium,54,Day,Clear,Dusty,WLWLL,WLWLW,WWWLW,1.03,-1.57,1,-4,165,8,166,9,SRH
526,League,GT,LSG,GT,Bat,Ekana Stadium,62.5,Day,Clear,Dusty,WLWLW,WLLLL,WWLLL,1.62,0.71,2,-1,190,6,148,8,GT
527,League,SRH,RCB,RCB,Bowl,Rajiv Gandhi International Stadium,65.45,Day,Humid,Green,WLWLL,LWWLW,WLWLL,-0.72,1.65,-4,-2,161,6,160,5,RCB
528,League,LSG,GT,LSG,Bat,Narendra Modi Stadium,54,Day,Cloudy,Dead,WLLLL,LWWLW,WLWWL,-1.95,0.71,-2,2,143,7,152,6,LSG
529,League,LSG,MI,LSG,Bowl,Ekana Stadium,47.12,Day,Rainy,Green,LWLWL,WWWWW,WWLWW,-0.81,2.56,-3,3,181,8,156,6,LSG
530,League,RR,PBKS,RR,Bowl,Mohali,62.26,Day,Cloudy,Dusty,LWWLW,WLLLL,WWLWL,-2.18,0.3,-1,-2,157,5,174,6,RR
531,Playoffs,KKR,LSG,KKR,Bowl,Ekana Stadium,47.12,Day,Cloudy,Green,WLWLW,WLLLL,WLWLL,1.39,-0.41,2,-1,148,5,199,6,LSG
532,League,RR,RCB,RCB,Bat,M Chinnaswamy Stadium,62.26,Night,Clear,Green,WLWLL,WWLLW,WWWLL,-2.36,1.79,-1,1,190,7,147,5,RCB
533,League,KKR,DC,DC,Bowl,Arun Jaitley Stadium,58.53,Day,Clear,Dead,WLWLL,LLLWL,LLWWW,0.76,-0.89,-1,-5,170,6,164,9,DC
534,League,RR,GT,RR,Bowl,Narendra Modi Stadium,42.85,Day,Cloudy,Dusty,LWWLW,WLWLW,WLWWW,0.3,1.21,-3,2,131,7,178,9,RR
535,League,KKR,CSK,KKR,Bat,Eden Gardens,62.26,Day,Cloudy,Green,WLWLW,WWLWW,WLWWL,0.85,2.4,-1,3,184,5,195,6,CSK
536,League,KKR,MI,KKR,Bowl,Wankhede Stadium,65.45,Day,Rainy,Dusty,WLWLL,WWWWL,WWWLW,1.37,1.75,0,3,187,5,192,9,MI
537,League,MI,SRH,SRH,Bowl,Wankhede Stadium,42.85,Day,Clear,Green,WWWWW,WLWLL,WLWLW,2.04,-0.78,3,-4,168,6,148,6,SRH
538,League,MI,CSK,MI,Bat,MA Chidambaram Stadium,54,Night,Rainy,Dusty,WWLWW,WWWWL,LWLLL,2.6,2.81,4,3,167,9,130,8,CSK
539,League,SRH,KKR,SRH,Bat,Rajiv Gandhi International Stadium,71.21,Day,Rainy,Dusty,WLWLL,LWWLW,WLWLW,-2.58,1.01,-2,-1,142,7,190,7,KKR
540,League,LSG,RR,RR,Bowl,Ekana Stadium,62.5,Night,Humid,Dusty,LLWLL,WLWLL,LWWLL,-1.19,-1.81,-5,0,186,5,189,4,LSG
541,League,PBKS,MI,PBKS,Bowl,Mohali,71.21,Day,Rainy,Green,LLLWL,WWWWL,LLLWW,-0.3,1.76,-5,2,147,9,168,7,PBKS
542,League,SRH,GT,GT,Bat,Rajiv Gandhi International Stadium,42.85,Day,Cloudy,Dusty,WLWLL,WLWLL,WLWWL,-0.77,1.22,-5,1,143,9,172,6,GT
543,League,LSG,PBKS,PBKS,Bat,Ekana Stadium,65.45,Day,Cloudy,Dead,WLLLL,LWLWL,WWLLW,0.54,-2.71,-3,-4,152,6,194,9,LSG
544,League,GT,DC,GT,Bat,Arun Jaitley Stadium,42.85,Night,Cloudy,Dusty,LWWLW,WLLLL,LWLLW,1.79,0.36,1,-4,165,6,176,7,GT
545,League,RR,LSG,LSG,Bowl,Ekana Stadium,65.45,Night,Cloudy,Dead,LWWLW,LLLWL,LLWWW,-2.64,-1.08,-3,-2,189,9,148,6,LSG
546,League,DC,KKR,DC,Bat,Arun Jaitley Stadium,62.5,Night,Rainy,Green,LLWLL,WWLLW,WLWWW,-2.53,1.5,-3,2,178,4,166,9,DC
547,League,GT,RR,GT,Bowl,Narendra Modi Stadium,42.85,Day,Humid,Dusty,WLWLW,LWWLW,LWLWL,1.57,-0.55,-1,-5,179,9,162,6,GT
548,League,SRH,LSG,LSG,Bowl,Rajiv Gandhi International Stadium,71.21,Night,Cloudy,Green,LWWLW,LWLWL,LLWLL,-0.85,-0.11,-3,-4,136,8,153,8,LSG
549,League,LSG,MI,LSG,Bat,Ekana Stadium,71.21,Day,Humid,Dusty,LLLWL,WWWWW,LWLWL,-2.46,2.15,0,4,174,5,145,9,MI
550,League,KKR,CSK,KKR,Bowl,Eden Gardens,47.12,Night,Rainy,Dusty,WLWLW,WWWWW,WWLWW,1.18,1.55,-2,3,165,7,177,6,KKR
551,League,GT,MI,MI,Bat,Narendra Modi Stadium,47.12,Day,Cloudy,Green,WLWLL,WWWWW,LWLWL,1.81,2.25,2,2,143,4,139,9,MI
552,League,RR,MI,RR,Bowl,Sawai Mansingh Stadium,47.12,Day,Cloudy,Dead,LWWLW,WWLWW,WLWWL,-0.73,2.01,-4,3,183,7,183,6,MI
553,League,MI,CSK,CSK,Bowl,MA Chidambaram Stadium,65.45,Day,Clear,Dead,WWWWL,WWWWL,WLWLW,1.81,2.03,4,3,195,4,153,6,CSK
554,Playoffs,SRH,RCB,RCB,Bowl,M Chinnaswamy Stadium,58.53,Night,Rainy,Dusty,WWLLW,WWLLW,WLWWL,-0.21,1.06,-5,1,192,8,180,4,RCB
555,League,KKR,GT,KKR,Bowl,Eden Gardens,65.45,Night,Clear,Green,WLWLL,LWWLW,LWWWW,1.12,1.25,-1,-1,183,7,160,7,KKR
556,League,RCB,PBKS,RCB,Bowl,M Chinnaswamy Stadium,71.21,Night,Humid,Green,WWLLW,LWLWL,WWLLW,0.81,-2.86,2,-3,143,4,181,4,RCB
557,League,CSK,KKR,CSK,Bowl,MA Chidambaram Stadium,62.26,Day,Rainy,Dusty,WLWWW,WWLLW,LLWLL,2.82,0.67,2,1,161,7,187,7,KKR
558,League,RR,GT,RR,Bowl,Narendra Modi Stadium,62.5,Day,Humid,Green,WWLLW,WLWLW,WLWWL,-0.98,1.94,-1,-1,165,5,150,8,GT
559,League,SRH,PBKS,SRH,Bowl,Rajiv Gandhi International Stadium,54,Day,Rainy,Dead,WWLLW,WLLLL,WLLWL,-1.69,-0.17,0,-4,165,6,174,7,PBKS
560,Playoffs,MI,SRH,MI,Bowl,Rajiv Gandhi International Stadium,71.21,Night,Humid,Dead,WWWWL,LWWLW,WWLWW,1.86,-1.67,4,0,192,9,130,7,MI
561,League,RCB,KKR,KKR,Bowl,Eden Gardens,71.21,Night,Clear,Dead,WLWLL,LWWLW,WWWLW,0.64,1.83,-1,-2,167,7,199,5,RCB
562,League,CSK,GT,CSK,Bowl,Narendra Modi Stadium,42.85,Day,Clear,Dusty,WWWWL,WWLLW,WWWWL,1.74,0.95,3,0,143,5,188,7,GT
563,League,RR,DC,DC,Bat,Sawai Mansingh Stadium,62.26,Day,Clear,Dusty,WLWLL,WLLLL,LLLLW,-0.62,-1.26,-3,-4,137,9,161,7,DC
564,League,DC,CSK,DC,Bat,MA Chidambaram Stadium,62.5,Night,Rainy,Green,LLWLL,WLWWW,WLLWL,0.7,2.82,-4,4,164,8,139,4,CSK
565,League,LSG,RR,RR,Bowl,Ekana Stadium,54,Day,Clear,Dead,WLLLL,LWWLW,LWLWL,0.81,-1.79,-2,0,175,5,138,4,LSG
566,League,LSG,SRH,SRH,Bat,Ekana Stadium,47.12,Night,Cloudy,Dusty,LLLWL,LWWLW,WLWLL,-0.29,-0.85,-5,-2,191,7,167,7,LSG
567,Playoffs,PBKS,MI,PBKS,Bowl,Wankhede Stadium,47.12,Night,Rainy,Green,LLLWL,WWWWW,LLWLW,-1,2.99,-2,3,176,4,130,8,MI
568,League,MI,GT,GT,Bat,Narendra Modi Stadium,62.26,Day,Clear,Dusty,WWWWL,WLWLW,LWWWL,1.55,2,3,-2,167,6,185,8,GT
569,Finals,GT,LSG,LSG,Bat,Narendra Modi Stadium,62.5,Day,Rainy,Dusty,WLWLW,LLLWL,WLLWL,1.25,0.87,-2,-3,171,5,148,5,GT
570,League,RR,MI,MI,Bat,Sawai Mansingh Stadium,65.45,Night,Humid,Dusty,LWWLW,WWLWW,WWLWL,0.74,1.63,-4,2,183,5,167,7,MI
571,League,RR,LSG,RR,Bowl,Ekana Stadium,58.53,Night,Rainy,Green,WWLLW,LWLWL,WLWLL,-0.01,0,-3,-5,131,7,146,7,LSG
572,League,RR,GT,GT,Bowl,Sawai Mansingh Stadium,47.12,Night,Clear,Dead,WLWLW,WWLLW,WWWWW,0.9,0.62,-4,-2,130,6,147,4,RR
573,League,KKR,RCB,KKR,Bat,Eden Gardens,47.12,Night,Rainy,Dead,WWLLW,WLWLW,LLWWW,0.6,1.29,-2,1,134,7,164,4,KKR
574,Playoffs,DC,SRH,SRH,Bat,Rajiv Gandhi International Stadium,65.45,Day,Clear,Green,WLLLL,WLWLW,WLLWL,-2.16,-1.94,-4,-3,196,6,189,5,SRH
575,Playoffs,SRH,LSG,SRH,Bowl,Rajiv Gandhi International Stadium,47.12,Night,Humid,Dusty,LWWLW,WLLLL,WLWLW,-0.48,-1.23,0,-2,140,8,145,7,LSG
576,League,RCB,KKR,RCB,Bat,M Chinnaswamy Stadium,58.53,Night,Humid,Dead,LWWLW,WLWLW,LLLLW,1.24,1.39,1,0,189,5,187,7,RCB
577,League,MI,GT,GT,Bowl,Wankhede Stadium,62.5,Night,Humid,Dead,WLWWW,WLWLW,WLWLL,2.44,1.62,3,2,142,9,142,8,MI
578,League,PBKS,CSK,PBKS,Bowl,Mohali,47.12,Day,Cloudy,Dead,WLLLL,WWWWW,LWWWL,-0.67,2.11,-3,3,163,4,183,5,CSK
579,League,RCB,KKR,KKR,Bat,M Chinnaswamy Stadium,58.53,Day,Rainy,Dead,WLWLL,WLWLL,LWWWW,1.92,0.9,2,1,139,8,152,9,RCB
580,League,DC,RR,DC,Bowl,Arun Jaitley Stadium,65.45,Day,Humid,Green,LWLWL,WLWLL,LLLLL,-0.96,-0.13,-2,-4,162,6,157,7,RR
581,League,LSG,RR,RR,Bat,Ekana Stadium,54,Day,Humid,Dusty,LLLWL,WLWLL,LLWLL,-1.76,0.27,-3,-4,180,4,160,9,LSG
582,League,PBKS,GT,PBKS,Bowl,Narendra Modi Stadium,62.26,Day,Rainy,Green,WLLLL,WLWLW,LLWLW,-1.77,1.93,0,0,164,6,162,8,PBKS
583,League,CSK,GT,CSK,Bowl,Narendra Modi Stadium,71.21,Day,Humid,Dusty,WWWWL,WLWLW,LWLLL,2.18,0.68,4,-1,154,8,191,4,CSK
584,Playoffs,RR,RCB,RR,Bat,Sawai Mansingh Stadium,71.21,Night,Clear,Dusty,WLWLL,WLWLW,WLLWL,-1.85,1.18,-3,2,176,7,175,9,RCB
585,League,MI,LSG,MI,Bowl,Wankhede Stadium,58.53,Day,Rainy,Green,WWWWW,WLLLL,LLLLL,1.85,0.11,3,0,185,7,188,9,LSG
586,League,DC,CSK,DC,Bowl,Arun Jaitley Stadium,71.21,Night,Cloudy,Dusty,WLLLL,WWLWW,WWWLW,-0.85,2.19,-3,4,198,8,160,9,CSK
587,League,KKR,DC,DC,Bat,Eden Gardens,62.5,Day,Cloudy,Dead,WLWLL,WLLLL,LLLLW,1.62,-0.93,2,-4,197,5,190,6,KKR
588,League,LSG,RCB,RCB,Bowl,M Chinnaswamy Stadium,65.45,Night,Humid,Green,LLWLL,WWLLW,WWWLL,-0.48,0.93,-2,-1,168,7,196,4,RCB
589,League,KKR,RCB,RCB,Bat,M Chinnaswamy Stadium,42.85,Day,Cloudy,Green,WLWLW,LWWLW,LWLLL,1.82,1.82,-1,2,166,7,159,9,RCB
590,Playoffs,GT,PBKS,PBKS,Bat,Mohali,62.5,Day,Clear,Dusty,WLWLW,WLLLL,WLLLL,1.98,-1.18,-1,-3,142,4,185,4,PBKS
591,Playoffs,CSK,RR,RR,Bowl,Sawai Mansingh Stadium,42.85,Day,Cloudy,Dusty,WLWWW,WLWLW,LWLLW,1.64,-1.86,2,0,135,9,163,8,CSK
592,League,CSK,SRH,CSK,Bowl,MA Chidambaram Stadium,47.12,Day,Clear,Green,WWWWL,WLWLW,WLWWW,1.76,-1.69,3,-2,159,8,140,6,CSK
593,League,GT,PBKS,GT,Bowl,Narendra Modi Stadium,71.21,Day,Humid,Dusty,WWLLW,LLWLL,LWLWW,1.81,-1.12,-1,-4,184,6,143,9,GT
594,League,RR,PBKS,PBKS,Bat,Sawai Mansingh Stadium,65.45,Night,Clear,Dead,LWWLW,LLLWL,WLLLW,0.75,0.7,-5,-1,145,7,196,5,PBKS
595,League,LSG,SRH,LSG,Bat,Ekana Stadium,71.21,Day,Humid,Green,WLLLL,LWWLW,WLLWW,-0.05,-1.83,-2,-5,198,6,179,5,LSG
596,League,SRH,PBKS,PBKS,Bowl,Mohali,47.12,Day,Rainy,Green,WLWLW,LWLWL,LLWWW,0.94,0.52,-4,-4,184,9,184,6,PBKS
597,League,KKR,RR,KKR,Bowl,Sawai Mansingh Stadium,62.26,Day,Rainy,Dead,WLWLW,WWLLW,WWWWL,1.82,-1.84,1,-2,170,4,183,5,KKR
598,League,GT,RCB,RCB,Bowl,Narendra Modi Stadium,62.26,Night,Clear,Dead,WLWLW,LWWLW,WLWLW,0.91,0.84,-1,-2,174,6,151,4,GT
599,League,CSK,GT,GT,Bat,Narendra Modi Stadium,42.85,Night,Humid,Dusty,WWLWW,WLWLL,LLWWW,1.94,1.13,2,2,130,6,171,4,GT
600,Playoffs,CSK,DC,DC,Bowl,Arun Jaitley Stadium,42.85,Day,Cloudy,Green,WWWWW,LLWLL,WWWLL,2.82,-1.16,3,-3,160,9,161,7,DC
601,League,PBKS,RCB,RCB,Bat,M Chinnaswamy Stadium,65.45,Day,Cloudy,Dusty,LLLWL,WWLLW,WWWWL,-0.15,1.19,-2,2,147,7,185,8,RCB
602,League,RCB,CSK,RCB,Bat,MA Chidambaram Stadium,71.21,Night,Cloudy,Green,WLWLW,WWWWW,WWLLL,1.27,1.81,-1,4,136,5,158,7,CSK
603,League,KKR,SRH,SRH,Bat,Eden Gardens,42.85,Night,Humid,Dusty,LWWLW,WWLLW,LLWLL,1.67,-2.92,2,-4,192,9,130,7,KKR
604,League,RR,CSK,RR,Bowl,MA Chidambaram Stadium,65.45,Night,Humid,Green,WLWLW,WLWWW,LLLLW,1,2.08,-2,2,132,9,161,7,RR
605,League,LSG,CSK,LSG,Bowl,Ekana Stadium,62.26,Night,Humid,Dead,WLLLL,WWWWW,WLLWL,-0.64,2.54,0,2,175,4,196,9,CSK
606,League,DC,RCB,DC,Bowl,M Chinnaswamy Stadium,65.45,Night,Cloudy,Dusty,LLLWL,WLWLL,WWLWL,0.41,0.83,0,1,178,4,159,8,DC
607,League,MI,RCB,RCB,Bat,M Chinnaswamy Stadium,71.21,Day,Cloudy,Green,WWWWL,WWLLW,WWWLW,2.93,0.96,3,1,193,8,170,5,RCB
608,League,MI,DC,DC,Bowl,Wankhede Stadium,58.53,Day,Rainy,Dusty,WWWWW,LWLWL,LWLWW,1.52,0.34,4,-5,178,5,178,8,MI
609,Playoffs,KKR,MI,MI,Bowl,Wankhede Stadium,47.12,Day,Humid,Dusty,WWLLW,WLWWW,WLLLL,1.52,1.54,-1,3,195,6,170,5,KKR
610,League,SRH,KKR,KKR,Bowl,Rajiv Gandhi International Stadium,58.53,Night,Cloudy,Dead,WLWLL,LWWLW,WLWWL,-1.65,1.17,-5,1,176,9,172,4,SRH
611,Playoffs,RCB,PBKS,PBKS,Bowl,M Chinnaswamy Stadium,71.21,Day,Cloudy,Green,WLWLW,LWLWL,WLWLW,1.98,-2.02,-2,-1,189,6,198,6,RCB
612,League,PBKS,RR,PBKS,Bat,Sawai Mansingh Stadium,62.5,Day,Humid,Dead,LLWLL,WWLLW,WLWLL,0.56,0.77,-3,-4,147,6,191,5,RR
613,League,MI,DC,DC,Bowl,Wankhede Stadium,42.85,Night,Cloudy,Dusty,WLWWW,LLWLL,LLLWW,2.15,0.3,4,-4,196,6,198,4,MI
614,League,SRH,LSG,LSG,Bowl,Rajiv Gandhi International Stadium,47.12,Night,Humid,Dead,WWLLW,WLLLL,LWWWL,-1.72,-0.57,-2,-4,142,5,183,4,LSG
615,Playoffs,PBKS,RCB,PBKS,Bat,Mohali,62.26,Night,Clear,Green,LLWLL,WLWLL,WLWLL,-0.41,1.9,0,2,171,7,152,7,PBKS
616,League,SRH,RR,SRH,Bowl,Rajiv Gandhi International Stadium,65.45,Day,Rainy,Green,WLWLL,WLWLL,LWLWL,-1.8,-0.78,-3,-4,171,7,162,5,RR
617,League,SRH,KKR,SRH,Bowl,Rajiv Gandhi International Stadium,58.53,Day,Clear,Dusty,WLWLL,WLWLL,LLWLL,-2.66,1.5,0,-2,174,6,146,5,SRH
618,Playoffs,PBKS,CSK,CSK,Bat,Mohali,71.21,Day,Clear,Green,LWLWL,WWWWL,WWLLL,0.36,1.74,-3,2,197,4,181,8,CSK
619,League,DC,PBKS,PBKS,Bat,Mohali,65.45,Day,Cloudy,Dead,LLLWL,LWLWL,WLWLL,0.76,-0.28,-1,0,165,7,174,6,DC
620,League,KKR,SRH,KKR,Bowl,Rajiv Gandhi International Stadium,47.12,Night,Clear,Dead,WLWLL,WWLLW,WLLLL,0.56,-2.39,-2,0,146,8,169,4,KKR
621,League,MI,CSK,CSK,Bat,MA Chidambaram Stadium,62.5,Day,Rainy,Dusty,WLWWW,WWWWL,LWWLW,2.14,1.63,3,4,140,6,174,9,CSK
622,League,GT,PBKS,PBKS,Bowl,Mohali,47.12,Day,Cloudy,Dead,LWWLW,WLLLL,WLLLL,1.99,-1.19,-1,-3,165,9,167,9,PBKS
623,League,GT,KKR,KKR,Bat,Narendra Modi Stadium,42.85,Day,Cloudy,Dead,LWWLW,WWLLW,WLWLW,1.66,1.12,2,1,167,6,161,5,KKR
624,League,GT,RCB,RCB,Bat,M Chinnaswamy Stadium,62.26,Day,Rainy,Green,WLWLW,WLWLW,LWWLL,0.76,1.7,0,-2,135,5,175,8,GT
625,League,PBKS,RR,PBKS,Bat,Mohali,71.21,Day,Humid,Dusty,WLLLL,LWWLW,WWWLW,0.59,-2.2,-4,-2,196,9,165,5,RR
626,League,PBKS,SRH,SRH,Bat,Rajiv Gandhi International Stadium,71.21,Night,Humid,Green,LLWLL,LWWLW,WWWLL,-0.69,0.16,-3,-1,145,6,197,9,SRH
627,League,GT,PBKS,PBKS,Bat,Mohali,62.26,Night,Rainy,Green,WLWLW,LWLWL,WWLLL,0.66,0.93,-2,-4,192,7,132,8,PBKS
628,League,LSG,DC,DC,Bowl,Arun Jaitley Stadium,62.5,Night,Cloudy,Green,LLWLL,LLLWL,LWWLL,-2.37,-1.18,-4,-4,190,4,182,4,DC
629,League,DC,PBKS,DC,Bowl,Arun Jaitley Stadium,47.12,Day,Clear,Dusty,LLLWL,LWLWL,LWLLW,-1.8,-0.44,-5,-3,185,6,132,9,DC
630,League,KKR,GT,KKR,Bowl,Eden Gardens,71.21,Night,Rainy,Dusty,LWWLW,WLWLW,WLLWL,1.44,0.55,2,2,184,9,164,7,GT
631,League,PBKS,CSK,PBKS,Bowl,Mohali,42.85,Night,Rainy,Green,LLLWL,WWWWW,LWWWL,-0.62,2.6,-2,4,144,5,139,9,CSK
632,League,CSK,GT,CSK,Bowl,MA Chidambaram Stadium,42.85,Night,Clear,Dead,WWWWL,WLWLL,LLLWW,2.55,1.39,2,2,181,4,183,7,CSK
633,Playoffs,LSG,DC,LSG,Bowl,Arun Jaitley Stadium,42.85,Night,Cloudy,Dusty,LWLWL,LLLWL,WWLLL,-1.59,-0.36,-3,-3,144,8,151,4,DC
634,Playoffs,KKR,GT,GT,Bat,Eden Gardens,47.12,Night,Rainy,Dusty,WLWLL,WLWLW,LWLWW,1.37,1.93,-1,1,167,4,141,6,GT
635,League,PBKS,RCB,PBKS,Bat,M Chinnaswamy Stadium,54,Day,Rainy,Dusty,LLWLL,WWLLW,WLLWW,-0.72,1.69,-4,1,146,8,196,5,RCB
636,League,LSG,KKR,KKR,Bowl,Eden Gardens,71.21,Day,Humid,Dusty,LWLWL,WLWLL,LLWLL,-0.62,1.25,-2,-1,139,5,180,9,LSG
637,Playoffs,PBKS,SRH,SRH,Bat,Mohali,58.53,Night,Cloudy,Green,LLLWL,WWLLW,LLLLL,-0.62,-2.13,-2,-1,168,9,149,8,SRH
638,Playoffs,SRH,GT,SRH,Bowl,Narendra Modi Stadium,65.45,Night,Rainy,Green,WLWLL,WLWLW,LLLLL,-1.69,1.52,-5,2,150,4,163,4,SRH
639,League,KKR,RCB,KKR,Bowl,Eden Gardens,47.12,Day,Humid,Dusty,LWWLW,WWLLW,WWLWW,0.56,1.69,1,2,149,7,175,7,KKR
640,Playoffs,RCB,GT,GT,Bat,M Chinnaswamy Stadium,62.26,Day,Clear,Dusty,WLWLL,WWLLW,LLLWW,1.49,1.32,-2,-2,154,6,172,6,GT
641,League,RR,KKR,KKR,Bowl,Eden Gardens,58.53,Night,Clear,Dusty,WLWLW,WLWLW,LLWWW,0.25,1,0,0,161,9,169,5,KKR
642,Playoffs,CSK,GT,GT,Bat,Narendra Modi Stadium,58.53,Day,Cloudy,Dusty,WLWWW,LWWLW,WLWWW,1.93,1.65,4,2,184,8,172,6,CSK
643,League,MI,LSG,MI,Bowl,Wankhede Stadium,65.45,Night,Cloudy,Dusty,WLWWW,LLLWL,LLLLW,2.06,-2.43,2,-1,148,5,152,4,LSG
644,League,GT,SRH,SRH,Bowl,Narendra Modi Stadium,62.26,Day,Clear,Green,WLWLL,LWWLW,WWLWL,1.06,0.34,0,-4,190,6,164,9,SRH
645,League,PBKS,GT,GT,Bowl,Narendra Modi Stadium,42.85,Night,Humid,Green,LLWLL,WWLLW,LLLWW,-0.68,0.71,-5,2,178,4,144,7,GT
646,League,LSG,SRH,LSG,Bat,Ekana Stadium,54,Night,Humid,Dusty,LWLWL,WLWLL,LLLLW,0.01,-2.48,-4,-5,139,9,164,8,LSG
647,League,SRH,MI,SRH,Bat,Wankhede Stadium,42.85,Night,Humid,Dead,LWWLW,WWWWW,LWWLW,-1.54,2.37,-4,2,196,6,162,8,MI
648,League,PBKS,MI,MI,Bowl,Wankhede Stadium,65.45,Night,Clear,Dead,LLLWL,WLWWW,WWLWW,-0.36,3,-4,4,166,8,167,6,MI
649,League,RCB,MI,RCB,Bowl,Wankhede Stadium,47.12,Day,Clear,Green,WLWLW,WWWWW,LLWWL,1.76,1.65,2,2,170,4,147,9,RCB
650,League,GT,PBKS,GT,Bat,Narendra Modi Stadium,71.21,Day,Rainy,Green,WLWLW,LLLWL,WLLLW,1.46,-1.3,-2,-2,173,8,165,7,PBKS
651,League,SRH,LSG,LSG,Bowl,Ekana Stadium,62.5,Night,Cloudy,Dusty,WWLLW,LWLWL,LLWWW,-0.23,-2.31,-2,-1,147,8,174,6,LSG
652,League,MI,GT,GT,Bat,Wankhede Stadium,65.45,Night,Rainy,Dead,WWWWL,WLWLL,WLLWW,2.01,1.47,3,2,179,7,138,9,MI
653,Playoffs,MI,RR,MI,Bowl,Sawai Mansingh Stadium,62.26,Day,Humid,Dusty,WWLWW,LWWLW,WLLWW,2.83,-1.37,3,-4,149,4,162,8,MI
654,League,RCB,MI,RCB,Bat,M Chinnaswamy Stadium,58.53,Night,Cloudy,Green,WLWLL,WWWWL,LLLWL,1.15,1.62,-2,2,169,4,165,6,RCB
655,League,LSG,CSK,CSK,Bowl,Ekana Stadium,71.21,Day,Cloudy,Dead,LLLWL,WWLWW,LWWLL,0.63,2.16,-4,2,147,7,175,8,CSK
656,League,MI,DC,MI,Bat,Arun Jaitley Stadium,62.26,Night,Cloudy,Dead,WWWWL,WLLLL,WWWWW,1.93,0.24,4,0,190,4,176,7,MI
657,League,DC,CSK,DC,Bat,Arun Jaitley Stadium,58.53,Day,Rainy,Dead,LLWLL,WWWWL,WLWWW,-1.93,2.76,-4,3,175,9,198,5,DC
658,League,RCB,SRH,RCB,Bowl,M Chinnaswamy Stadium,47.12,Night,Cloudy,Dusty,WLWLW,LWWLW,LWWWL,1.31,-0.01,-2,-3,179,6,173,8,SRH
659,Playoffs,RCB,LSG,LSG,Bowl,M Chinnaswamy Stadium,71.21,Day,Cloudy,Dusty,LWWLW,LLLWL,WWLWL,1.26,0.46,0,-4,168,6,164,6,RCB
660,League,CSK,SRH,SRH,Bat,MA Chidambaram Stadium,42.85,Night,Rainy,Dead,WWLWW,WLWLL,LWLWW,2.04,-0.11,2,-4,190,7,192,7,CSK
661,League,RCB,LSG,LSG,Bat,M Chinnaswamy Stadium,47.12,Night,Rainy,Dusty,WLWLL,LWLWL,WWLLL,0.9,-1.12,-1,0,146,4,163,9,LSG
662,League,DC,PBKS,DC,Bowl,Arun Jaitley Stadium,71.21,Night,Cloudy,Green,WLLLL,WLLLL,WLWLL,-2.68,-0.73,-4,-4,198,5,169,7,PBKS
663,League,CSK,DC,DC,Bowl,MA Chidambaram Stadium,58.53,Night,Humid,Dusty,WWLWW,WLLLL,LWWLL,2.14,-2.36,3,-1,167,5,186,5,DC
664,League,SRH,RR,RR,Bat,Sawai Mansingh Stadium,65.45,Night,Cloudy,Dusty,WLWLL,WLWLL,WWLWW,-2.93,0.6,-1,-4,174,7,154,6,RR
665,League,SRH,GT,SRH,Bat,Narendra Modi Stadium,65.45,Night,Cloudy,Dead,WWLLW,WWLLW,LWWLW,0.87,0.85,-3,0,164,6,176,5,GT
666,League,RR,PBKS,PBKS,Bat,Mohali,65.45,Night,Humid,Green,LWWLW,LLWLL,LWLLL,-2.57,0.46,-3,-4,133,9,197,4,PBKS
667,League,DC,PBKS,PBKS,Bat,Arun Jaitley Stadium,54,Day,Humid,Dusty,WLLLL,LWLWL,WWLLW,0.53,-2.76,-1,-4,145,9,186,7,PBKS
668,League,KKR,GT,KKR,Bat,Narendra Modi Stadium,58.53,Day,Clear,Dusty,WWLLW,WWLLW,WWWWW,1.16,1.07,1,0,181,7,194,9,GT
669,League,LSG,RCB,LSG,Bat,M Chinnaswamy Stadium,71.21,Day,Clear,Green,LWLWL,WLWLW,LLLWL,-1.01,1.83,-3,2,192,6,156,9,LSG
670,League,RR,LSG,RR,Bat,Sawai Mansingh Stadium,65.45,Night,Rainy,Dead,WLWLW,WLLLL,LLWWW,-2.39,0.93,-4,-2,189,4,158,5,LSG
671,Playoffs,RR,DC,DC,Bat,Sawai Mansingh Stadium,71.21,Night,Rainy,Dusty,LWWLW,WLLLL,LWLWL,0.62,0.83,0,-3,163,6,176,4,RR
672,League,MI,CSK,MI,Bowl,MA Chidambaram Stadium,54,Day,Cloudy,Green,WWLWW,WWLWW,LLLLL,2.24,1.67,3,3,147,7,162,5,MI
673,League,GT,RCB,GT,Bat,Narendra Modi Stadium,42.85,Day,Rainy,Dusty,WLWLL,WWLLW,WWWLL,0.68,2,0,-1,198,5,199,8,GT
674,League,KKR,GT,GT,Bat,Eden Gardens,58.53,Day,Rainy,Green,LWWLW,LWWLW,LLWWL,0.66,1.48,-2,-1,135,9,186,4,GT
675,League,DC,MI,DC,Bat,Arun Jaitley Stadium,54,Day,Rainy,Dead,LWLWL,WWWWL,WLWLW,-0.31,1.59,-3,2,189,9,193,7,MI
676,League,RCB,PBKS,PBKS,Bowl,M Chinnaswamy Stadium,65.45,Day,Clear,Green,WLWLL,LLWLL,LWWWL,0.99,-1.67,2,-3,131,5,182,7,PBKS
677,League,KKR,GT,KKR,Bat,Narendra Modi Stadium,58.53,Day,Clear,Green,WLWLL,WLWLW,LWWLW,0.82,1.07,-1,1,134,9,198,5,KKR
678,League,LSG,MI,MI,Bat,Ekana Stadium,47.12,Night,Rainy,Dead,LLWLL,WWLWW,WLWLL,-3,1.63,0,3,167,6,159,5,MI
679,League,MI,RCB,MI,Bowl,Wankhede Stadium,47.12,Night,Cloudy,Green,WWLWW,LWWLW,WLWWL,2.68,0.95,3,0,177,7,166,4,RCB
680,League,RR,KKR,RR,Bat,Sawai Mansingh Stadium,42.85,Day,Humid,Dead,WLWLL,WLWLL,LWWWL,-2.78,1.88,-4,1,167,6,164,7,RR
681,League,RCB,CSK,CSK,Bowl,MA Chidambaram Stadium,65.45,Day,Cloudy,Dusty,WLWLL,WWWWL,LLWWL,0.66,2.11,1,2,156,6,173,4,CSK
682,League,PBKS,RR,PBKS,Bat,Mohali,42.85,Day,Cloudy,Dusty,LLLWL,LWWLW,LWWWW,0.61,-0.56,-2,0,174,7,198,6,RR
683,League,MI,LSG,LSG,Bowl,Ekana Stadium,71.21,Day,Clear,Dead,WWLWW,LWLWL,LWLWW,2.74,0.85,3,-5,166,5,169,7,LSG
684,League,SRH,KKR,SRH,Bat,Eden Gardens,42.85,Day,Rainy,Green,LWWLW,WLWLL,WLWLW,-1.62,1.27,-5,-1,198,7,147,8,SRH
685,Playoffs,GT,PBKS,GT,Bowl,Mohali,62.5,Night,Clear,Green,WLWLL,LWLWL,LLWWL,1.16,-1.72,2,-3,142,8,169,8,GT
686,League,RCB,MI,MI,Bowl,M Chinnaswamy Stadium,62.26,Day,Rainy,Dusty,WWLLW,WWLWW,LLLLW,1.95,2.52,1,2,141,9,193,8,MI
687,League,RR,PBKS,RR,Bat,Sawai Mansingh Stadium,54,Day,Humid,Dusty,LWWLW,LLWLL,LWWLL,-1.87,-0.2,-5,-3,183,9,136,4,PBKS
688,League,CSK,MI,MI,Bat,MA Chidambaram Stadium,65.45,Day,Clear,Dead,WLWWW,WWWWL,LWWWL,2.27,1.77,4,4,180,8,142,9,MI
689,League,RR,CSK,CSK,Bowl,Sawai Mansingh Stadium,58.53,Night,Rainy,Green,WLWLL,WLWWW,WLLLL,0.91,1.57,-3,3,139,5,185,7,CSK
690,Playoffs,PBKS,RCB,PBKS,Bat,M Chinnaswamy Stadium,62.26,Day,Clear,Dusty,LLLWL,WLWLW,WLWWW,-0.23,1.87,-1,-2,160,4,190,9,PBKS
691,League,LSG,MI,MI,Bowl,Wankhede Stadium,62.5,Day,Rainy,Dusty,LLWLL,WWWWW,WLWWW,-0.22,2.9,-5,2,176,6,186,7,LSG
692,League,MI,DC,DC,Bowl,Wankhede Stadium,62.26,Night,Humid,Dusty,WLWWW,LWLWL,LLLLL,2.53,-0.04,2,-1,175,8,151,6,DC
693,League,SRH,MI,MI,Bat,Rajiv Gandhi International Stadium,65.45,Night,Rainy,Dusty,WLWLL,WLWWW,LWWLL,0.85,2.86,-3,4,137,7,195,6,SRH
694,League,GT,CSK,GT,Bat,Narendra Modi Stadium,71.21,Night,Clear,Dead,WLWLW,WWWWW,WWLWW,1.79,2.47,-2,4,195,8,184,8,CSK
695,League,RR,RCB,RR,Bat,Sawai Mansingh Stadium,62.26,Night,Clear,Dead,WWLLW,WLWLL,WLLWW,0.97,0.95,-3,2,174,5,155,5,RR
696,League,GT,CSK,GT,Bowl,MA Chidambaram Stadium,62.26,Day,Cloudy,Dusty,WWLLW,WLWWW,LWLLL,1.75,2.95,-1,3,189,9,188,8,CSK
697,League,LSG,DC,DC,Bowl,Arun Jaitley Stadium,58.53,Night,Humid,Dead,LLWLL,LLWLL,LLWLL,-2.84,0.6,-5,-3,144,7,175,9,LSG
698,League,LSG,SRH,SRH,Bat,Rajiv Gandhi International Stadium,62.26,Night,Clear,Dead,LLLWL,WLWLL,LLWLW,-1.01,-2.48,-5,-2,188,7,187,4,LSG
699,Playoffs,CSK,RCB,CSK,Bowl,MA Chidambaram Stadium,42.85,Night,Rainy,Dead,WWWWL,WWLLW,WWLWW,1.91,0.78,4,1,178,7,149,5,RCB
700,League,SRH,RCB,RCB,Bowl,Rajiv Gandhi International Stadium,54,Night,Cloudy,Dusty,WLWLW,WWLLW,LLLLW,-2.57,0.54,0,1,184,8,170,5,SRH
701,League,LSG,DC,DC,Bowl,Arun Jaitley Stadium,71.21,Day,Cloudy,Dead,LWLWL,WLLLL,LWLLL,-2.44,0.12,-4,0,171,4,159,7,DC
702,League,RCB,KKR,KKR,Bowl,Eden Gardens,54,Day,Clear,Dead,LWWLW,WLWLW,LLWWL,0.6,0.95,-1,1,137,5,164,4,KKR
703,League,MI,DC,MI,Bowl,Arun Jaitley Stadium,62.26,Day,Clear,Dead,WLWWW,LLWLL,LWWWL,2.46,-2.95,3,-2,184,8,176,6,DC
704,League,RR,DC,DC,Bowl,Arun Jaitley Stadium,58.53,Night,Rainy,Dusty,WLWLL,LLLWL,WLLWL,-1.1,-2.24,-5,0,193,4,165,6,RR
705,League,GT,PBKS,GT,Bat,Narendra Modi Stadium,62.26,Day,Cloudy,Dusty,WWLLW,WLLLL,LLWWL,1.85,-0.58,2,-1,198,8,195,6,GT
706,League,GT,LSG,GT,Bowl,Ekana Stadium,58.53,Day,Cloudy,Dead,WLWLW,LLLWL,LLLWL,1.74,-1.95,-2,-1,139,9,160,6,GT
707,Playoffs,GT,KKR,GT,Bat,Eden Gardens,62.26,Night,Clear,Dead,WWLLW,WLWLW,WWLLW,1.59,0.59,-2,-1,161,5,164,8,GT
708,Finals,DC,RR,RR,Bowl,Sawai Mansingh Stadium,47.12,Day,Humid,Green,LWLWL,WLWLL,LLLLL,-2.23,-0.92,-4,0,190,7,162,5,RR
709,Playoffs,KKR,SRH,KKR,Bowl,Rajiv Gandhi International Stadium,42.85,Day,Cloudy,Dead,WWLLW,WLWLW,WWWLL,1.36,-1.7,0,-4,169,4,141,9,SRH
710,League,KKR,CSK,CSK,Bat,MA Chidambaram Stadium,62.26,Day,Cloudy,Green,WLWLW,WWWWL,LLLWW,0.76,2.91,1,3,184,9,189,6,KKR
711,League,RR,KKR,KKR,Bowl,Sawai Mansingh Stadium,62.5,Day,Humid,Dusty,WLWLW,WLWLW,LLWLL,0.58,0.66,-1,2,189,8,179,9,RR
712,League,GT,CSK,CSK,Bowl,MA Chidambaram Stadium,42.85,Night,Cloudy,Green,WLWLW,WWLWW,WWLWW,1.29,2.25,1,3,162,4,142,9,CSK
713,Playoffs,RR,DC,RR,Bowl,Sawai Mansingh Stadium,71.21,Day,Clear,Dusty,LWWLW,LWLWL,LWWLW,-1.19,-2.65,-4,-1,171,9,166,6,DC
714,League,SRH,KKR,SRH,Bowl,Eden Gardens,62.5,Night,Clear,Dusty,WWLLW,WLWLW,WLLWW,-2.26,1.99,-4,1,196,4,192,5,KKR
715,League,PBKS,DC,PBKS,Bat,Arun Jaitley Stadium,62.26,Night,Rainy,Green,LLWLL,LWLWL,WWWLW,-2.13,0.41,-3,-5,166,4,180,7,PBKS
716,League,RCB,DC,DC,Bat,M Chinnaswamy Stadium,71.21,Night,Humid,Green,LWWLW,LWLWL,LWWLW,0.83,-0.6,2,0,182,6,141,5,RCB
717,League,LSG,KKR,LSG,Bat,Ekana Stadium,65.45,Day,Rainy,Dusty,LLLWL,WLWLL,LLWLL,0.19,1.1,-3,-2,157,5,130,8,LSG
718,League,SRH,DC,DC,Bowl,Rajiv Gandhi International Stadium,47.12,Night,Cloudy,Dead,WLWLL,LWLWL,LWLWW,-0.67,-0.91,0,-4,167,4,131,6,SRH
719,Finals,DC,RR,DC,Bat,Arun Jaitley Stadium,58.53,Night,Clear,Green,LLLWL,LWWLW,WWLWL,-1.75,-0.23,-5,-1,196,7,167,4,RR
720,League,RR,DC,RR,Bowl,Sawai Mansingh Stadium,47.12,Night,Clear,Dusty,WLWLW,LLWLL,LWWWL,-1.46,-0.13,-4,-4,188,4,166,4,DC
721,Playoffs,DC,CSK,CSK,Bat,Arun Jaitley Stadium,42.85,Day,Humid,Dusty,LWLWL,WWLWW,WWLLW,-0.79,2.82,-4,2,145,9,168,8,DC
722,League,DC,KKR,DC,Bat,Arun Jaitley Stadium,42.85,Night,Humid,Dead,WLLLL,WLWLW,LLWWW,-0.47,1.29,-2,1,135,7,137,7,KKR
723,League,GT,DC,GT,Bat,Arun Jaitley Stadium,62.26,Day,Humid,Dead,LWWLW,LWLWL,LLLWW,1.48,-2.56,-2,-4,166,4,184,8,GT
724,League,MI,GT,GT,Bat,Narendra Modi Stadium,62.26,Day,Rainy,Green,WWWWL,WLWLL,WLWLL,2.47,0.56,3,-2,196,9,136,8,GT
725,League,RR,CSK,CSK,Bowl,Sawai Mansingh Stadium,54,Night,Clear,Dusty,WLWLW,WWWWL,LWWLL,0.7,2.92,-2,2,164,8,170,5,RR
726,League,MI,PBKS,PBKS,Bowl,Wankhede Stadium,62.5,Day,Clear,Dusty,WWWWW,WLLLL,WWWLL,2.2,0.2,4,-2,179,4,189,6,MI
727,League,DC,RCB,DC,Bowl,Arun Jaitley Stadium,62.5,Night,Cloudy,Dusty,WLLLL,WWLLW,WLLWL,0.04,0.96,-1,0,165,9,167,5,DC
728,League,LSG,MI,MI,Bowl,Ekana Stadium,62.26,Night,Rainy,Green,LLLWL,WLWWW,WLWLW,-0.49,1.67,-5,2,177,4,177,7,LSG
729,Playoffs,RCB,DC,DC,Bowl,Arun Jaitley Stadium,65.45,Day,Rainy,Dead,WWLLW,LLLWL,LLLLW,0.81,0.78,0,-3,144,5,147,5,DC
730,League,MI,GT,GT,Bowl,Narendra Modi Stadium,71.21,Night,Clear,Green,WWWWL,WWLLW,LLWLW,1.68,0.73,3,1,174,9,161,7,GT
731,Playoffs,KKR,LSG,LSG,Bowl,Ekana Stadium,62.5,Day,Cloudy,Green,LWWLW,LLLWL,WWWWL,1.94,0.74,1,-2,135,6,187,4,LSG
732,League,KKR,PBKS,PBKS,Bowl,Eden Gardens,65.45,Night,Humid,Dead,WLWLL,LLWLL,WWLWW,1.19,-1.06,1,-3,177,8,174,5,KKR
733,League,CSK,GT,CSK,Bowl,Narendra Modi Stadium,58.53,Night,Cloudy,Dusty,WWWWL,WWLLW,WLLWW,2.14,1.75,3,2,173,5,138,9,CSK
734,League,CSK,MI,MI,Bowl,MA Chidambaram Stadium,65.45,Night,Cloudy,Green,WWLWW,WWWWW,LWLLW,2.76,2.49,4,4,154,5,176,4,MI
735,Playoffs,RR,CSK,RR,Bat,MA Chidambaram Stadium,71.21,Day,Rainy,Dead,WLWLL,WWWWW,LLWWL,0.03,1.91,-3,2,179,6,170,5,RR
736,League,DC,LSG,LSG,Bat,Arun Jaitley Stadium,47.12,Day,Rainy,Dusty,LLLWL,WLLLL,LLWLW,-2.87,-2.8,-1,-5,180,8,137,5,LSG
737,League,CSK,DC,DC,Bowl,Arun Jaitley Stadium,65.45,Day,Rainy,Dusty,WWLWW,LLLWL,LWWWL,2.57,-1.6,4,-1,176,5,198,5,DC
738,League,KKR,MI,MI,Bat,Eden Gardens,42.85,Day,Humid,Dusty,WLWLW,WWWWW,LLLWL,1.7,2.92,0,3,163,4,198,9,MI
739,Finals,LSG,GT,LSG,Bowl,Narendra Modi Stadium,54,Night,Cloudy,Dead,LLLWL,WWLLW,LWWWL,0.07,1.66,0,2,191,5,180,5,GT
740,League,GT,CSK,GT,Bat,MA Chidambaram Stadium,47.12,Day,Humid,Green,WLWLW,WWLWW,WLLLW,0.67,1.77,-2,3,137,7,136,5,GT
741,Playoffs,CSK,KKR,KKR,Bat,Eden Gardens,62.26,Night,Humid,Dead,WLWWW,WLWLL,LWWWL,2.01,0.82,4,-2,172,4,171,8,KKR
742,League,KKR,CSK,CSK,Bowl,Eden Gardens,65.45,Day,Clear,Green,WWLLW,WLWWW,WLWLW,0.55,2.23,2,3,188,8,196,5,KKR
743,League,GT,RCB,GT,Bowl,Narendra Modi Stadium,58.53,Night,Cloudy,Dusty,WWLLW,WWLLW,LWWLW,1.63,1.34,2,-2,177,8,171,8,RCB
744,League,DC,GT,GT,Bat,Arun Jaitley Stadium,62.26,Day,Cloudy,Dead,LLLWL,WLWLL,LLLLL,-1.83,0.7,-1,0,144,9,161,7,GT
745,League,MI,CSK,CSK,Bat,Wankhede Stadium,54,Day,Humid,Dead,WWWWL,WWWWW,LWLLL,2.22,2.32,4,2,162,7,160,4,MI
746,Playoffs,DC,SRH,SRH,Bowl,Arun Jaitley Stadium,47.12,Day,Clear,Dusty,LLWLL,WLWLL,LLLWL,-1.69,-1.87,-1,-3,180,6,153,7,DC
747,League,LSG,GT,GT,Bowl,Narendra Modi Stadium,62.26,Day,Clear,Dead,LLLWL,LWWLW,LLWLW,-1.77,1.43,-5,-1,181,5,149,4,GT
748,League,RCB,CSK,CSK,Bowl,M Chinnaswamy Stadium,62.5,Night,Rainy,Dusty,WLWLL,WWLWW,LWWWW,1.38,1.88,-1,3,141,4,141,8,RCB
749,League,MI,GT,MI,Bowl,Narendra Modi Stadium,71.21,Night,Clear,Green,WWWWW,LWWLW,WLWLW,2,1.82,2,2,174,9,158,4,GT
750,League,RCB,LSG,RCB,Bowl,Ekana Stadium,62.26,Day,Rainy,Green,WLWLW,LLWLL,WWLWW,1.88,-2.33,1,-2,146,6,157,6,RCB
751,League,RCB,CSK,RCB,Bat,M Chinnaswamy Stadium,58.53,Night,Clear,Dead,LWWLW,WWWWW,WLWLW,1.26,2.28,0,4,196,4,140,4,CSK
752,League,GT,RCB,RCB,Bat,M Chinnaswamy Stadium,42.85,Night,Humid,Dead,WWLLW,WWLLW,WLWLL,0.64,1.68,0,2,182,7,134,9,GT
753,League,MI,KKR,KKR,Bat,Eden Gardens,47.12,Day,Cloudy,Green,WLWWW,WLWLL,LLWWL,2.57,0.54,4,1,199,9,198,8,KKR
754,League,CSK,KKR,KKR,Bowl,MA Chidambaram Stadium,62.5,Day,Rainy,Dusty,WWWWL,WWLLW,LLWWL,2.19,1.43,3,1,139,7,185,5,CSK
755,Playoffs,GT,CSK,CSK,Bat,MA Chidambaram Stadium,65.45,Day,Clear,Dusty,WWLLW,WWWWW,LLLLW,0.9,2.6,2,4,187,6,192,4,CSK
756,League,DC,LSG,LSG,Bowl,Ekana Stadium,47.12,Day,Clear,Dusty,LWLWL,LLWLL,WWWWW,0.63,-1.13,-1,0,187,4,150,4,LSG
757,League,CSK,DC,DC,Bat,MA Chidambaram Stadium,62.26,Day,Cloudy,Green,WWWWW,LLLWL,WLLLW,2.84,-2.65,2,0,160,7,178,9,CSK
758,Playoffs,KKR,DC,KKR,Bat,Eden Gardens,65.45,Night,Cloudy,Dusty,LWWLW,WLLLL,WLLWL,0.84,0.98,-2,-2,176,9,189,8,DC
759,League,DC,KKR,KKR,Bat,Arun Jaitley Stadium,62.5,Night,Clear,Dusty,LWLWL,LWWLW,WLWWW,-1.84,0.52,-3,1,138,7,185,9,KKR
760,League,KKR,SRH,SRH,Bowl,Rajiv Gandhi International Stadium,54,Night,Clear,Green,WLWLL,WLWLW,WWLLL,0.58,-0.2,-2,-3,169,5,195,6,KKR
761,Playoffs,PBKS,RR,PBKS,Bowl,Sawai Mansingh Stadium,47.12,Night,Rainy,Dusty,LLLWL,WWLLW,LWLLW,-1.56,-0.16,-4,-1,179,4,132,9,PBKS
762,League,LSG,MI,LSG,Bowl,Wankhede Stadium,62.26,Day,Rainy,Green,LLLWL,WWWWW,WWLLL,0.39,1.95,-3,2,170,5,141,5,MI
763,League,RCB,SRH,RCB,Bowl,M Chinnaswamy Stadium,58.53,Day,Cloudy,Dusty,WWLLW,WLWLW,WLLLW,1.2,-0.43,2,-5,180,9,149,7,SRH
764,League,SRH,KKR,KKR,Bowl,Eden Gardens,42.85,Night,Humid,Dead,WLWLW,WLWLL,LLLLL,-0.78,1.43,-1,-2,133,5,132,6,KKR
765,League,RCB,SRH,SRH,Bowl,M Chinnaswamy Stadium,62.5,Day,Cloudy,Green,WWLLW,WLWLL,LLLLL,1.52,-1.98,-2,-2,143,9,183,4,RCB
766,League,RCB,CSK,RCB,Bowl,M Chinnaswamy Stadium,65.45,Day,Clear,Dusty,LWWLW,WWWWL,LWLWL,1.31,2.1,2,3,160,7,134,8,RCB
767,League,GT,KKR,KKR,Bowl,Eden Gardens,54,Night,Clear,Green,WLWLL,WLWLL,LLWWW,1.1,1.14,0,-2,191,7,174,8,KKR
768,League,RCB,LSG,RCB,Bat,M Chinnaswamy Stadium,58.53,Night,Humid,Dead,LWWLW,LLWLL,LLWLL,0.93,-0.42,-1,-4,192,6,152,4,RCB
769,League,PBKS,RR,PBKS,Bowl,Sawai Mansingh Stadium,62.26,Day,Humid,Dusty,LLLWL,WLWLW,LWWLW,-2.89,-1.73,0,-3,190,5,184,5,PBKS
770,Playoffs,RR,RCB,RR,Bat,Sawai Mansingh Stadium,65.45,Day,Clear,Green,WWLLW,WLWLW,LLWLW,0.16,1.63,0,1,172,7,171,9,RCB
771,League,RR,KKR,RR,Bowl,Eden Gardens,47.12,Night,Cloudy,Green,LWWLW,WLWLW,WLLWW,-0.97,0.93,-2,2,192,8,139,4,RR
772,League,PBKS,DC,PBKS,Bat,Arun Jaitley Stadium,42.85,Day,Humid,Dead,LLWLL,LLWLL,WWWWW,-2.28,-0.41,-2,0,141,7,175,9,DC
773,League,RR,KKR,KKR,Bat,Sawai Mansingh Stadium,54,Night,Humid,Green,LWWLW,LWWLW,WLLLL,-0.21,1.06,-1,2,185,6,170,4,RR
774,League,KKR,RR,RR,Bowl,Eden Gardens,58.53,Day,Clear,Dusty,WLWLW,WLWLW,LWWLL,1.55,-0.78,1,-2,167,7,169,9,RR
775,League,CSK,DC,CSK,Bowl,Arun Jaitley Stadium,65.45,Day,Clear,Dead,WWWWL,LLWLL,WWLLL,1.96,-1.28,3,-3,194,5,184,7,DC
776,League,RR,PBKS,RR,Bowl,Mohali,47.12,Day,Humid,Dead,WWLLW,LLLWL,LWLLW,-2.72,-2.06,-3,-1,178,5,164,8,PBKS
777,League,LSG,DC,DC,Bat,Arun Jaitley Stadium,65.45,Day,Humid,Green,LLLWL,LLWLL,WLLLL,-2.08,-2.52,-1,-1,145,7,143,5,DC
778,League,MI,RR,RR,Bowl,Wankhede Stadium,58.53,Night,Humid,Green,WWWWL,WWLLW,LLWWL,2.21,-2.78,2,-4,172,6,184,8,MI
779,League,PBKS,SRH,PBKS,Bowl,Mohali,62.26,Day,Humid,Dusty,LLWLL,WLWLL,LWLWW,-0.54,-2.18,-5,-4,179,9,180,9,PBKS
780,League,KKR,GT,KKR,Bowl,Eden Gardens,47.12,Day,Humid,Dead,WLWLW,LWWLW,WLWWL,1.24,1.02,0,1,172,4,199,8,GT
781,League,KKR,PBKS,KKR,Bat,Eden Gardens,58.53,Night,Rainy,Dead,WWLLW,LWLWL,LWLLW,0.58,0.13,0,-2,193,7,167,4,PBKS
782,Playoffs,LSG,RCB,LSG,Bowl,Ekana Stadium,47.12,Day,Humid,Dusty,LLWLL,LWWLW,LLWWL,0.92,1.19,0,0,195,8,147,9,RCB
783,League,KKR,LSG,LSG,Bowl,Ekana Stadium,42.85,Night,Humid,Dead,WLWLW,LLWLL,LLLWL,1.79,-0.07,-1,-2,162,6,184,7,KKR
784,League,PBKS,MI,PBKS,Bowl,Wankhede Stadium,65.45,Day,Cloudy,Green,LLLWL,WLWWW,LLWWL,0,2.84,-5,4,175,9,142,6,PBKS
785,League,DC,PBKS,PBKS,Bat,Mohali,54,Day,Cloudy,Dusty,LLLWL,WLLLL,WLLLL,-2.73,-2.05,-2,-4,192,4,154,7,DC
786,League,PBKS,MI,MI,Bat,Mohali,58.53,Day,Rainy,Dead,WLLLL,WLWWW,LLLLL,-2.33,2.36,-4,3,186,8,182,7,PBKS
787,League,PBKS,KKR,PBKS,Bowl,Mohali,65.45,Night,Cloudy,Dusty,LLWLL,WLWLW,WWWWW,-0.97,1.04,-1,-2,169,5,160,7,PBKS
788,League,KKR,MI,KKR,Bat,Eden Gardens,47.12,Day,Humid,Dusty,WWLLW,WWWWL,LLLLL,0.67,1.53,0,4,171,8,166,4,MI
789,League,SRH,DC,SRH,Bat,Rajiv Gandhi International Stadium,65.45,Day,Clear,Green,LWWLW,LLLWL,LLWWL,0.93,-2.34,-4,-2,147,9,170,5,DC
790,League,MI,DC,MI,Bat,Arun Jaitley Stadium,42.85,Night,Cloudy,Dead,WLWWW,LWLWL,LLLWL,2.07,-2.63,4,0,153,9,171,8,MI
791,League,LSG,DC,LSG,Bowl,Arun Jaitley Stadium,47.12,Night,Humid,Green,LWLWL,LWLWL,WWWWW,-0.13,0.61,-4,-2,194,8,147,8,DC
792,League,GT,RR,RR,Bowl,Sawai Mansingh Stadium,71.21,Night,Clear,Dusty,WLWLW,WLWLW,WLLLL,1.29,-2.36,2,0,141,5,131,6,GT
793,League,MI,DC,MI,Bat,Wankhede Stadium,71.21,Night,Humid,Dead,WWLWW,LLLWL,LWWLL,2.38,-2.88,2,0,141,9,165,9,DC
794,League,MI,SRH,SRH,Bat,Rajiv Gandhi International Stadium,65.45,Day,Humid,Dusty,WWLWW,WLWLL,WWLWL,2.26,-2.02,4,0,131,4,168,4,SRH
795,League,CSK,DC,CSK,Bat,Arun Jaitley Stadium,47.12,Night,Clear,Green,WWLWW,LLWLL,LLWWW,1.7,-2.63,2,-5,176,7,163,4,DC
796,Playoffs,GT,MI,MI,Bat,Wankhede Stadium,65.45,Day,Clear,Green,WLWLL,WWLWW,LWLWW,1.47,2.05,2,2,145,7,186,7,MI
797,Playoffs,RR,DC,RR,Bowl,Sawai Mansingh Stadium,62.5,Night,Cloudy,Dead,LWWLW,LWLWL,LLWWW,-2.21,0.24,-2,0,140,7,162,7,RR
798,League,KKR,RCB,RCB,Bat,M Chinnaswamy Stadium,58.53,Day,Humid,Green,WLWLL,LWWLW,LWLWW,0.61,1.75,-2,1,181,9,170,7,RCB
799,League,RCB,LSG,LSG,Bowl,Ekana Stadium,62.5,Day,Humid,Green,WLWLL,LLWLL,LLWWW,1.9,-2.95,-2,-3,166,5,165,7,LSG
800,League,CSK,DC,CSK,Bowl,Arun Jaitley Stadium,42.85,Day,Humid,Dead,WLWWW,LLLWL,WLWLW,1.58,-0.02,2,-1,163,9,168,4,CSK
